10000,Male,Right-handed,z01-000
10000,Male,Right-handed,z01-000a
10000,Male,Right-handed,z01-000b
10000,Male,Right-handed,z01-000z
10000,Male,Right-handed,z01-010
10000,Male,Right-handed,z01-010a
10000,Male,Right-handed,z01-010c
10000,Male,Right-handed,z02-000
10000,Male,Right-handed,z02-000a
10000,Male,Right-handed,z02-000b
10000,Male,Right-handed,z10-000d
10002,Male,Right-handed,a01-020x
10002,Male,Right-handed,a02-067
10002,Male,Right-handed,a03-027
10002,Male,Right-handed,a06-039
10002,Male,Right-handed,b04-107
10002,Male,Right-handed,c02-089
10002,Male,Right-handed,d01-049
10002,Male,Right-handed,d04-081
10002,Male,Right-handed,e07-094
10002,Male,Right-handed,f02-000
10002,Male,Right-handed,f04-061
10002,Male,Right-handed,f07-088b
10002,Male,Right-handed,h02-024
10002,Male,Right-handed,h02-037
10002,Male,Right-handed,h07-013
10002,Male,Right-handed,j01-042
10004,Male,Right-handed,a02-082
10004,Male,Right-handed,a03-014
10004,Male,Right-handed,a03-037
10004,Male,Right-handed,b01-113
10004,Male,Right-handed,c02-049
10004,Male,Right-handed,c03-000c
10004,Male,Right-handed,d01-080
10004,Male,Right-handed,d04-005
10004,Male,Right-handed,d06-011
10004,Male,Right-handed,e01-050
10004,Male,Right-handed,f01-075
10004,Male,Right-handed,f02-076
10004,Male,Right-handed,g03-043
10004,Male,Right-handed,g04-043
10004,Male,Right-handed,g06-000e
10004,Male,Right-handed,h07-028a
10005,Male,Right-handed,a01-038x
10005,Male,Right-handed,a05-004
10005,Male,Right-handed,a06-044
10005,Male,Right-handed,a06-090
10005,Male,Right-handed,a06-114
10005,Male,Right-handed,b03-087
10005,Male,Right-handed,b05-088
10005,Male,Right-handed,c01-009
10005,Male,Right-handed,c01-066
10005,Male,Right-handed,c02-012
10005,Male,Right-handed,e04-004
10005,Male,Right-handed,f01-143
10005,Male,Right-handed,f07-101a
10005,Male,Right-handed,g03-058
10005,Male,Right-handed,g04-098
10005,Male,Right-handed,g07-003b
10005,Male,Right-handed,h02-017
10006,Female,Right-handed,a04-077
10006,Female,Right-handed,a06-014
10006,Female,Right-handed,a06-152
10006,Female,Right-handed,b03-098
10006,Female,Right-handed,b06-019
10006,Female,Right-handed,b06-032
10006,Female,Right-handed,b06-042
10006,Female,Right-handed,c03-000f
10006,Female,Right-handed,d03-112
10006,Female,Right-handed,e02-086
10006,Female,Right-handed,e02-094
10006,Female,Right-handed,g02-069
10006,Female,Right-handed,g03-000
10006,Female,Right-handed,g06-000d
10006,Female,Right-handed,j01-049
10007,Male,Right-handed,a01-014
10007,Male,Right-handed,a01-063x
10007,Male,Right-handed,a02-050
10007,Male,Right-handed,a03-023
10007,Male,Right-handed,b04-000
10007,Male,Right-handed,c02-026
10007,Male,Right-handed,c02-035
10007,Male,Right-handed,c04-061
10007,Male,Right-handed,d06-037
10007,Male,Right-handed,d06-041
10007,Male,Right-handed,e01-022
10007,Male,Right-handed,e04-011
10007,Male,Right-handed,f07-076a
10007,Male,Right-handed,g01-022
10007,Male,Right-handed,g06-000h
10007,Male,Right-handed,g06-000j
10008,Male,Right-handed,a01-077
10008,Male,Right-handed,a03-068
10008,Male,Right-handed,a04-000
10008,Male,Right-handed,c02-078
10008,Male,Right-handed,c04-089
10008,Male,Right-handed,d04-021
10008,Male,Right-handed,e02-025
10008,Male,Right-handed,e04-119
10008,Male,Right-handed,e07-007
10008,Male,Right-handed,f04-068
10008,Male,Right-handed,f07-069
10008,Male,Right-handed,g01-088
10008,Male,Right-handed,g03-026
10008,Male,Right-handed,g06-000f
10008,Male,Right-handed,h02-012
10008,Male,Right-handed,h04-057
10009,Male,Right-handed,a01-003
10009,Male,Right-handed,a02-012
10009,Male,Right-handed,a03-009
10009,Male,Right-handed,a04-092
10009,Male,Right-handed,a06-020
10009,Male,Right-handed,a06-110
10009,Male,Right-handed,a06-119
10009,Male,Right-handed,c02-000
10009,Male,Right-handed,c03-007
10009,Male,Right-handed,c04-165
10009,Male,Right-handed,d04-117
10009,Male,Right-handed,e04-086
10009,Male,Right-handed,g06-000
10009,Male,Right-handed,g06-000o
10009,Male,Right-handed,h01-010
10009,Male,Right-handed,j01-059
10010,Male,Right-handed,a01-117
10010,Male,Right-handed,a04-015
10010,Male,Right-handed,b02-013
10010,Male,Right-handed,b05-032
10010,Male,Right-handed,b06-015
10010,Male,Right-handed,c06-083
10010,Male,Right-handed,d04-125
10010,Male,Right-handed,d05-040
10010,Male,Right-handed,d06-003
10010,Male,Right-handed,e04-043
10010,Male,Right-handed,f01-135
10010,Male,Right-handed,g02-073
10010,Male,Right-handed,g07-084
10010,Male,Right-handed,h02-004
10010,Male,Right-handed,h02-040
10010,Male,Right-handed,h07-040
10011,Male,Right-handed,a01-000u
10011,Male,Right-handed,a01-014x
10011,Male,Right-handed,a01-053x
10011,Male,Right-handed,a02-004
10011,Male,Right-handed,b04-187
10011,Male,Right-handed,c02-007
10011,Male,Right-handed,c04-023
10011,Male,Right-handed,c04-080
10011,Male,Right-handed,d05-013
10011,Male,Right-handed,e02-100
10011,Male,Right-handed,e07-012
10011,Male,Right-handed,f04-074
10011,Male,Right-handed,g07-038
10011,Male,Right-handed,g07-065
10011,Male,Right-handed,h04-028
10011,Male,Right-handed,h04-064
10012,Male,Right-handed,a01-003x
10012,Male,Right-handed,b01-127
10012,Male,Right-handed,b04-081
10012,Male,Right-handed,b05-017
10012,Male,Right-handed,b06-000
10012,Male,Right-handed,b06-012
10012,Male,Right-handed,c04-000
10012,Male,Right-handed,c04-008
10012,Male,Right-handed,d04-096
10012,Male,Right-handed,e02-000
10012,Male,Right-handed,e04-103
10012,Male,Right-handed,f01-053
10012,Male,Right-handed,f07-046b
10012,Male,Right-handed,g04-055
10012,Male,Right-handed,g06-000k
10012,Male,Right-handed,j04-015
10014,Male,Right-handed,a01-107
10014,Male,Right-handed,a01-132
10014,Male,Right-handed,a02-017
10014,Male,Right-handed,a02-046
10014,Male,Right-handed,a04-047
10014,Male,Right-handed,c02-056
10014,Male,Right-handed,f02-036
10014,Male,Right-handed,f02-044
10014,Male,Right-handed,f03-191
10014,Male,Right-handed,f04-004
10014,Male,Right-handed,g02-065
10014,Male,Right-handed,g03-052
10014,Male,Right-handed,g04-036
10014,Male,Right-handed,g04-077
10014,Male,Right-handed,h01-000
10014,Male,Right-handed,h06-079
10015,Female,Right-handed,a01-020
10015,Female,Right-handed,a02-037
10015,Female,Right-handed,a02-102
10015,Female,Right-handed,a06-051
10015,Female,Right-handed,b01-014
10015,Female,Right-handed,c03-000e
10015,Female,Right-handed,d04-111
10015,Female,Right-handed,d05-008
10015,Female,Right-handed,d06-000
10015,Female,Right-handed,e01-014
10015,Female,Right-handed,f04-020
10015,Female,Right-handed,f04-083
10015,Female,Right-handed,f07-013
10015,Female,Right-handed,g04-052
10015,Female,Right-handed,g06-000l
10015,Female,Right-handed,h02-019
10017,Male,Right-handed,a02-000
10017,Male,Right-handed,a02-008
10017,Male,Right-handed,a03-017
10017,Male,Right-handed,a03-020
10017,Male,Right-handed,a06-100
10017,Male,Right-handed,b01-027
10017,Male,Right-handed,b01-044
10017,Male,Right-handed,b06-008
10017,Male,Right-handed,b06-027
10017,Male,Right-handed,c04-017
10017,Male,Right-handed,c04-156
10017,Male,Right-handed,e04-083
10017,Male,Right-handed,f03-174
10017,Male,Right-handed,g05-087
10017,Male,Right-handed,h07-060b
10017,Male,Right-handed,j01-063
10018,Male,Right-handed,a01-000x
10018,Male,Right-handed,a03-030
10018,Male,Right-handed,a04-066
10018,Male,Right-handed,b02-102
10018,Male,Right-handed,b03-025
10018,Male,Right-handed,b04-134
10018,Male,Right-handed,c02-059
10018,Male,Right-handed,d01-024
10018,Male,Right-handed,d06-025
10018,Male,Right-handed,e02-074
10018,Male,Right-handed,e04-047
10018,Male,Right-handed,e07-076
10018,Male,Right-handed,f04-053
10018,Male,Right-handed,g04-081
10018,Male,Right-handed,h02-049
10018,Male,Right-handed,h07-025
10019,Male,Left-handed,b01-073
10019,Male,Left-handed,b06-004
10019,Male,Left-handed,b06-087
10019,Male,Left-handed,d04-066
10019,Male,Left-handed,d06-027
10019,Male,Left-handed,e04-091
10019,Male,Left-handed,f04-007
10019,Male,Left-handed,f04-032
10019,Male,Left-handed,f07-000
10019,Male,Left-handed,f07-028b
10019,Male,Left-handed,g01-012
10019,Male,Left-handed,g01-039
10019,Male,Left-handed,g04-022
10019,Male,Left-handed,g06-000a
10019,Male,Left-handed,h04-035
10019,Male,Left-handed,j01-070
10020,Female,Right-handed,a01-011x
10020,Female,Right-handed,a02-057
10020,Female,Right-handed,a03-011
10020,Female,Right-handed,a03-040
10020,Female,Right-handed,a03-054
10020,Female,Right-handed,a03-066
10020,Female,Right-handed,a06-064
10020,Female,Right-handed,c02-082
10020,Female,Right-handed,c06-011
10020,Female,Right-handed,d04-071
10020,Female,Right-handed,e01-029
10020,Female,Right-handed,e01-081
10020,Female,Right-handed,f02-030
10020,Female,Right-handed,g01-031
10020,Female,Right-handed,h01-030
10020,Female,Right-handed,h02-035
10021,Female,Right-handed,a01-087
10021,Female,Right-handed,a03-059
10021,Female,Right-handed,a06-000
10021,Female,Right-handed,a06-036
10021,Female,Right-handed,a06-070
10021,Female,Right-handed,b05-083
10021,Female,Right-handed,c04-075
10021,Female,Right-handed,c04-105
10021,Female,Right-handed,e04-026
10021,Female,Right-handed,f01-081
10021,Female,Right-handed,f02-003
10021,Female,Right-handed,f02-017
10021,Female,Right-handed,f02-020
10021,Female,Right-handed,f04-046
10021,Female,Right-handed,g06-089
10021,Female,Right-handed,h01-024
10021,Female,Right-handed,j01-066
10022,Male,Right-handed,a01-011
10022,Male,Right-handed,a02-072
10022,Male,Right-handed,a02-086
10022,Male,Right-handed,a03-063
10022,Male,Right-handed,b01-084
10022,Male,Right-handed,b02-097
10022,Male,Right-handed,b03-109
10022,Male,Right-handed,b05-038
10022,Male,Right-handed,b05-074
10022,Male,Right-handed,b06-045
10022,Male,Right-handed,c03-000b
10022,Male,Right-handed,e02-014
10022,Male,Right-handed,e04-034
10022,Male,Right-handed,e07-112
10022,Male,Right-handed,f03-182
10022,Male,Right-handed,g01-004
10022,Male,Right-handed,g02-062
10023,Male,Right-handed,b03-104
10023,Male,Right-handed,b04-162
10023,Male,Right-handed,c02-003
10023,Male,Right-handed,d04-047
10023,Male,Right-handed,d07-082
10023,Male,Right-handed,e01-119
10023,Male,Right-handed,e02-021
10023,Male,Right-handed,f04-039
10023,Male,Right-handed,g03-004
10023,Male,Right-handed,g06-000i
10023,Male,Right-handed,g06-000n
10023,Male,Right-handed,g06-000r
10023,Male,Right-handed,h01-020
10023,Male,Right-handed,h04-049
10023,Male,Right-handed,h04-071
10023,Male,Right-handed,h04-078
10024,Female,Right-handed,a01-053
10024,Female,Right-handed,a01-053a
10024,Female,Right-handed,a02-062
10024,Female,Right-handed,a02-062a
10024,Female,Right-handed,a02-120
10024,Female,Right-handed,a02-120a
10024,Female,Right-handed,b01-000
10024,Female,Right-handed,b01-000a
10024,Female,Right-handed,b02-105
10024,Female,Right-handed,b02-105a
10024,Female,Right-handed,c04-134
10024,Female,Right-handed,c04-134a
10024,Female,Right-handed,e02-117
10024,Female,Right-handed,e02-117a
10024,Female,Right-handed,g04-060
10024,Female,Right-handed,g04-060a
10026,Male,Right-handed,a01-001w
10026,Male,Right-handed,a01-004w
10026,Male,Right-handed,a01-007w
10026,Male,Right-handed,a01-009w
10026,Male,Right-handed,a01-013w
10026,Male,Right-handed,a01-017w
10026,Male,Right-handed,a01-020w
10026,Male,Right-handed,a01-023w
10026,Male,Right-handed,z01-010b
10027,Male,Left-handed,a02-108z
10027,Male,Left-handed,c03-117z
10027,Male,Left-handed,e04-202z
10027,Male,Left-handed,g10-332z
10027,Male,Left-handed,k04-346z
10027,Male,Left-handed,l07-800z
10027,Male,Left-handed,n04-398z
10027,Male,Left-handed,p06-689z
10028,Male,Right-handed,a01-001z
10028,Male,Right-handed,c01-013z
10028,Male,Right-handed,e02-120z
10028,Male,Right-handed,g07-225z
10028,Male,Right-handed,k03-232z
10028,Male,Right-handed,l06-661z
10028,Male,Right-handed,n04-259z
10028,Male,Right-handed,p05-567z
10029,Male,Right-handed,a01-023z
10029,Male,Right-handed,c01-041z
10029,Male,Right-handed,e03-137z
10029,Male,Right-handed,g08-249z
10029,Male,Right-handed,k04-256z
10029,Male,Right-handed,l06-690z
10029,Male,Right-handed,n04-282z
10029,Male,Right-handed,p05-590z
10030,Male,Left-handed,a01-048z
10030,Male,Left-handed,c02-059z
10030,Male,Left-handed,e03-156z
10030,Male,Left-handed,g09-267z
10030,Male,Left-handed,k04-274z
10030,Male,Left-handed,l06-714z
10030,Male,Left-handed,n04-311z
10030,Male,Left-handed,p05-612z
10031,Male,Right-handed,a01-090z
10031,Male,Right-handed,c03-095z
10031,Male,Right-handed,e04-186z
10031,Male,Right-handed,g09-310z
10031,Male,Right-handed,k04-318z
10031,Male,Right-handed,l07-770z
10031,Male,Right-handed,n04-376z
10031,Male,Right-handed,p06-658z
10032,Male,Right-handed,a01-067z
10032,Male,Right-handed,c03-075z
10032,Male,Right-handed,e03-171z
10032,Male,Right-handed,g09-287z
10032,Male,Right-handed,k04-296z
10032,Male,Right-handed,l06-745z
10032,Male,Right-handed,n04-345z
10032,Male,Right-handed,p06-629z
10033,Female,Right-handed,a02-125z
10033,Female,Right-handed,c04-136z
10033,Female,Right-handed,e04-220z
10033,Female,Right-handed,g10-353z
10033,Female,Right-handed,k05-369z
10033,Female,Right-handed,l07-824z
10033,Female,Right-handed,n05-425z
10033,Female,Right-handed,p06-716z
10034,Male,Right-handed,a02-145z
10034,Male,Right-handed,c04-161z
10034,Male,Right-handed,e04-240z
10034,Male,Right-handed,g10-373z
10034,Male,Right-handed,k05-395z
10034,Male,Right-handed,l07-851z
10034,Male,Right-handed,n05-450z
10034,Male,Right-handed,p06-748z
10035,Male,Right-handed,a02-166z
10035,Male,Right-handed,c04-188z
10035,Male,Right-handed,e05-260z
10035,Male,Right-handed,g10-392z
10035,Male,Right-handed,k05-426z
10035,Male,Right-handed,l07-876z
10035,Male,Right-handed,n05-475z
10035,Male,Right-handed,p06-775z
10036,Female,Right-handed,a03-193z
10036,Female,Right-handed,c04-215z
10036,Female,Right-handed,e05-279z
10036,Female,Right-handed,h01-004z
10036,Female,Right-handed,k05-450z
10036,Female,Right-handed,l08-892z
10036,Female,Right-handed,n05-503z
10036,Female,Right-handed,p06-804z
10037,Female,Right-handed,a03-218z
10037,Female,Right-handed,c04-238z
10037,Female,Right-handed,e05-297z
10037,Female,Right-handed,h01-026z
10037,Female,Right-handed,k05-474z
10037,Female,Right-handed,l08-917z
10037,Female,Right-handed,n05-528z
10037,Female,Right-handed,p07-830z
10038,Female,Right-handed,a04-239z
10038,Female,Right-handed,c05-261z
10038,Female,Right-handed,e06-317z
10038,Female,Right-handed,h02-050z
10038,Female,Right-handed,k05-494z
10038,Female,Right-handed,l08-941z
10038,Female,Right-handed,n05-553z
10038,Female,Right-handed,p07-852z
10039,Female,Right-handed,a04-262z
10039,Female,Right-handed,c06-286z
10039,Female,Right-handed,e06-333z
10039,Female,Right-handed,h02-082z
10039,Female,Right-handed,k06-513z
10039,Female,Right-handed,l08-961z
10039,Female,Right-handed,n06-576z
10039,Female,Right-handed,p07-878z
10040,Male,Left-handed,a05-284z
10040,Male,Left-handed,c06-310z
10040,Male,Left-handed,e06-352z
10040,Male,Left-handed,h03-106z
10040,Male,Left-handed,k06-536z
10040,Male,Left-handed,l08-980z
10040,Male,Left-handed,n06-603z
10040,Male,Left-handed,p07-899z
10041,Male,Right-handed,a05-309z
10041,Male,Right-handed,c06-337z
10041,Male,Right-handed,e06-368z
10041,Male,Right-handed,h03-123z
10041,Male,Right-handed,k06-558z
10041,Male,Right-handed,l09-015z
10041,Male,Right-handed,n06-627z
10041,Male,Right-handed,p07-917z
10042,Male,Right-handed,a05-340z
10042,Male,Right-handed,c06-363z
10042,Male,Right-handed,e07-389z
10042,Male,Right-handed,h04-141z
10042,Male,Right-handed,k06-579z
10042,Male,Right-handed,l09-036z
10042,Male,Right-handed,n06-650z
10042,Male,Right-handed,p08-012z
10043,Male,Right-handed,a06-364z
10043,Male,Right-handed,c07-388z
10043,Male,Right-handed,e07-405z
10043,Male,Right-handed,h04-162z
10043,Male,Right-handed,k06-597z
10043,Male,Right-handed,l10-040z
10043,Male,Right-handed,n06-674z
10043,Male,Right-handed,p08-037z
10044,Male,Right-handed,a06-385z
10044,Male,Right-handed,c07-404z
10044,Male,Right-handed,e07-421z
10044,Male,Right-handed,h05-181z
10044,Male,Right-handed,k07-628z
10044,Male,Right-handed,l10-058z
10044,Male,Right-handed,n06-695z
10044,Male,Right-handed,p08-061z
10045,Male,Left-handed,a06-405z
10045,Male,Left-handed,c07-423z
10045,Male,Left-handed,e08-438z
10045,Male,Left-handed,h06-206z
10045,Male,Left-handed,k07-650z
10045,Male,Left-handed,l10-084z
10045,Male,Left-handed,n07-721z
10045,Male,Left-handed,p08-944z
10046,Male,Right-handed,a07-431z
10046,Male,Right-handed,c08-441z
10046,Male,Right-handed,e08-457z
10046,Male,Right-handed,h06-228z
10046,Male,Right-handed,k07-682z
10046,Male,Right-handed,l10-112z
10046,Male,Right-handed,n07-754z
10046,Male,Right-handed,p08-967z
10047,Female,Right-handed,a07-457z
10047,Female,Right-handed,c08-457z
10047,Female,Right-handed,e09-478z
10047,Female,Right-handed,h06-251z
10047,Female,Right-handed,k07-712z
10047,Female,Right-handed,l10-134z
10047,Female,Right-handed,n07-783z
10047,Female,Right-handed,p08-988z
10048,Female,Right-handed,a07-480z
10048,Female,Right-handed,c08-479z
10048,Female,Right-handed,e09-502z
10048,Female,Right-handed,h07-265z
10048,Female,Right-handed,k08-736z
10048,Female,Right-handed,l10-159z
10048,Female,Right-handed,n07-813z
10048,Female,Right-handed,p09-076z
10049,Female,Right-handed,a08-506z
10049,Female,Right-handed,c09-502z
10049,Female,Right-handed,e09-523z
10049,Female,Right-handed,h08-285z
10049,Female,Right-handed,k08-759z
10049,Female,Right-handed,l10-188z
10049,Female,Right-handed,n07-837z
10049,Female,Right-handed,p09-101z
10050,Male,Right-handed,a08-531z
10050,Male,Right-handed,c09-521z
10050,Male,Right-handed,e10-546z
10050,Male,Right-handed,h08-304z
10050,Male,Right-handed,k08-779z
10050,Male,Right-handed,m01-019z
10050,Male,Right-handed,n07-860z
10050,Male,Right-handed,p09-124z
10051,Male,Right-handed,a08-551z
10051,Male,Right-handed,c09-545z
10051,Male,Right-handed,e10-563z
10051,Male,Right-handed,h08-329z
10051,Male,Right-handed,k08-803z
10051,Male,Right-handed,m01-037z
10051,Male,Right-handed,n07-889z
10051,Male,Right-handed,p09-151z
10052,Female,Right-handed,a09-583z
10052,Female,Right-handed,c10-563z
10052,Female,Right-handed,f01-017z
10052,Female,Right-handed,h09-351z
10052,Female,Right-handed,k08-828z
10052,Female,Right-handed,m01-059z
10052,Female,Right-handed,n08-000z
10052,Female,Right-handed,p09-172z
10053,Male,Right-handed,a09-607z
10053,Male,Right-handed,c10-585z
10053,Male,Right-handed,f01-036z
10053,Male,Right-handed,h09-370z
10053,Male,Right-handed,k09-011z
10053,Male,Right-handed,m01-082z
10053,Male,Right-handed,n08-031z
10053,Male,Right-handed,p10-195z
10054,Male,Right-handed,a09-635z
10054,Male,Right-handed,d01-013z
10054,Male,Right-handed,f01-054z
10054,Male,Right-handed,h10-408z
10054,Male,Right-handed,k09-848z
10054,Male,Right-handed,m01-100z
10054,Male,Right-handed,n08-066z
10054,Male,Right-handed,p10-220z
10055,Male,Right-handed,a09-657z
10055,Male,Right-handed,d01-035z
10055,Male,Right-handed,f01-084z
10055,Male,Right-handed,h10-429z
10055,Male,Right-handed,k09-874z
10055,Male,Right-handed,m02-120z
10055,Male,Right-handed,n08-934z
10055,Male,Right-handed,p10-242z
10056,Male,Right-handed,a10-683z
10056,Male,Right-handed,d01-052z
10056,Male,Right-handed,f02-111z
10056,Male,Right-handed,j01-007z
10056,Male,Right-handed,k09-899z
10056,Male,Right-handed,m02-141z
10056,Male,Right-handed,n08-968z
10056,Male,Right-handed,p10-269z
10057,Male,Left-handed,a10-707z
10057,Male,Left-handed,d02-070z
10057,Male,Left-handed,f02-133z
10057,Male,Left-handed,j01-026z
10057,Male,Left-handed,k09-931z
10057,Male,Left-handed,m02-156z
10057,Male,Left-handed,n09-077z
10057,Male,Left-handed,p10-298z
10058,Male,Right-handed,b01-001z
10058,Male,Right-handed,d03-091z
10058,Male,Right-handed,f03-159z
10058,Male,Right-handed,j01-048z
10058,Male,Right-handed,k09-960z
10058,Male,Right-handed,m03-180z
10058,Male,Right-handed,n09-100z
10058,Male,Right-handed,p10-325z
10059,Male,Right-handed,b01-024z
10059,Male,Right-handed,d03-121z
10059,Male,Right-handed,f03-188z
10059,Male,Right-handed,j02-068z
10059,Male,Right-handed,k09-994z
10059,Male,Right-handed,m03-209z
10059,Male,Right-handed,n09-120z
10059,Male,Right-handed,p10-350z
10060,Male,Right-handed,b01-050z
10060,Male,Right-handed,d03-144z
10060,Male,Right-handed,f03-214z
10060,Male,Right-handed,j02-087z
10060,Male,Right-handed,k10-058z
10060,Male,Right-handed,m04-233z
10060,Male,Right-handed,n09-149z
10060,Male,Right-handed,r01-004z
10061,Male,Right-handed,b01-074z
10061,Male,Right-handed,d03-168z
10061,Male,Right-handed,f03-242z
10061,Male,Right-handed,j02-101z
10061,Male,Right-handed,k10-086z
10061,Male,Right-handed,m04-257z
10061,Male,Right-handed,n09-168z
10061,Male,Right-handed,r01-027z
10062,Female,Right-handed,b01-097z
10062,Female,Right-handed,d03-195z
10062,Female,Right-handed,f03-267z
10062,Female,Right-handed,j03-116z
10062,Female,Right-handed,k10-114z
10062,Female,Right-handed,m04-286z
10062,Female,Right-handed,n09-194z
10062,Female,Right-handed,r01-053z
10063,Male,Right-handed,b02-116z
10063,Male,Right-handed,d03-229z
10063,Male,Right-handed,f03-295z
10063,Male,Right-handed,j03-147z
10063,Male,Right-handed,l01-023z
10063,Male,Right-handed,m04-310z
10063,Male,Right-handed,n10-225z
10063,Male,Right-handed,r01-085z
10064,Male,Right-handed,b02-136z
10064,Male,Right-handed,d04-251z
10064,Male,Right-handed,f04-310z
10064,Male,Right-handed,j03-174z
10064,Male,Right-handed,l01-048z
10064,Male,Right-handed,m04-337z
10064,Male,Right-handed,n10-249z
10064,Male,Right-handed,r02-103z
10065,Male,Right-handed,b03-154z
10065,Male,Right-handed,d04-274z
10065,Male,Right-handed,f04-325z
10065,Male,Right-handed,j04-192z
10065,Male,Right-handed,l01-076z
10065,Male,Right-handed,m04-374z
10065,Male,Right-handed,n10-271z
10065,Male,Right-handed,r02-127z
10066,Female,Left-handed,b03-171z
10066,Female,Left-handed,d04-298z
10066,Female,Left-handed,f05-342z
10066,Female,Left-handed,j04-208z
10066,Female,Left-handed,l01-100z
10066,Female,Left-handed,m04-404z
10066,Female,Left-handed,n10-293z
10066,Female,Left-handed,r02-150z
10067,Male,Right-handed,b03-195z
10067,Male,Right-handed,d05-325z
10067,Male,Right-handed,f05-361z
10067,Male,Right-handed,j04-225z
10067,Male,Right-handed,l01-125z
10067,Male,Right-handed,m05-426z
10067,Male,Right-handed,n10-316z
10067,Male,Right-handed,r02-175z
10068,Female,Right-handed,b04-221z
10068,Female,Right-handed,d05-346z
10068,Female,Right-handed,f05-376z
10068,Female,Right-handed,j05-247z
10068,Female,Right-handed,l02-148z
10068,Female,Right-handed,m05-453z
10068,Female,Right-handed,n10-340z
10068,Female,Right-handed,r02-196z
10069,Female,Right-handed,b04-246z
10069,Female,Right-handed,d05-369z
10069,Female,Right-handed,f06-391z
10069,Female,Right-handed,j05-267z
10069,Female,Right-handed,l02-166z
10069,Female,Right-handed,m05-480z
10069,Female,Right-handed,p01-021z
10069,Female,Right-handed,r03-221z
10070,Male,Right-handed,b04-275z
10070,Male,Right-handed,d05-386z
10070,Male,Right-handed,f07-408z
10070,Male,Right-handed,j06-287z
10070,Male,Right-handed,l02-183z
10070,Male,Right-handed,m05-501z
10070,Male,Right-handed,p01-048z
10070,Male,Right-handed,r03-249z
10071,Male,Right-handed,b04-301z
10071,Male,Right-handed,d06-404z
10071,Male,Right-handed,f07-425z
10071,Male,Right-handed,j06-308z
10071,Male,Right-handed,l02-203z
10071,Male,Right-handed,m05-530z
10071,Male,Right-handed,p01-077z
10071,Male,Right-handed,r04-269z
10072,Male,Right-handed,b04-327z
10072,Male,Right-handed,d06-428z
10072,Male,Right-handed,f07-443z
10072,Male,Right-handed,j06-323z
10072,Male,Right-handed,l02-227z
10072,Male,Right-handed,m05-559z
10072,Male,Right-handed,p01-107z
10072,Male,Right-handed,r04-293z
10073,Female,Right-handed,b04-357z
10073,Female,Right-handed,d06-447z
10073,Female,Right-handed,f08-460z
10073,Female,Right-handed,j07-341z
10073,Female,Right-handed,l03-243z
10073,Female,Right-handed,m05-589z
10073,Female,Right-handed,p01-130z
10073,Female,Right-handed,r04-319z
10074,Male,Right-handed,b04-384z
10074,Male,Right-handed,d07-470z
10074,Male,Right-handed,f09-482z
10074,Male,Right-handed,j07-360z
10074,Male,Right-handed,l03-260z
10074,Male,Right-handed,m06-618z
10074,Male,Right-handed,p02-158z
10074,Male,Right-handed,r04-336z
10075,Male,Right-handed,b05-411z
10075,Male,Right-handed,d07-503z
10075,Male,Right-handed,f09-505z
10075,Male,Right-handed,j08-378z
10075,Male,Right-handed,l03-282z
10075,Male,Right-handed,m06-647z
10075,Male,Right-handed,p02-178z
10075,Male,Right-handed,r05-357z
10076,Male,Right-handed,b05-431z
10076,Male,Right-handed,d07-516z
10076,Male,Right-handed,f09-524z
10076,Male,Right-handed,j08-397z
10076,Male,Right-handed,l03-309z
10076,Male,Right-handed,m06-679z
10076,Male,Right-handed,p02-203z
10076,Male,Right-handed,r05-373z
10077,Female,Right-handed,b05-452z
10077,Female,Right-handed,d08-534z
10077,Female,Right-handed,f10-545z
10077,Female,Right-handed,j08-417z
10077,Female,Right-handed,l03-329z
10077,Female,Right-handed,m06-700z
10077,Female,Right-handed,p02-221z
10077,Female,Right-handed,r06-397z
10078,Male,Right-handed,b05-476z
10078,Male,Right-handed,d08-552z
10078,Male,Right-handed,f10-567z
10078,Male,Right-handed,j09-434z
10078,Male,Right-handed,l04-349z
10078,Male,Right-handed,m06-724z
10078,Male,Right-handed,p02-243z
10078,Male,Right-handed,r06-418z
10079,Male,Right-handed,b06-496z
10079,Male,Right-handed,d08-568z
10079,Male,Right-handed,g01-006z
10079,Male,Right-handed,j09-448z
10079,Male,Right-handed,l04-373z
10079,Male,Right-handed,m06-748z
10079,Male,Right-handed,p03-263z
10079,Male,Right-handed,r06-441z
10080,Male,Right-handed,b06-516z
10080,Male,Right-handed,d08-586z
10080,Male,Right-handed,g01-023z
10080,Male,Right-handed,j10-464z
10080,Male,Right-handed,l04-397z
10080,Male,Right-handed,n01-003z
10080,Male,Right-handed,p03-292z
10080,Male,Right-handed,r06-463z
10081,Male,Right-handed,b06-537z
10081,Male,Right-handed,d09-606z
10081,Male,Right-handed,g03-040z
10081,Male,Right-handed,j10-486z
10081,Male,Right-handed,l04-416z
10081,Male,Right-handed,n01-023z
10081,Male,Right-handed,p03-315z
10081,Male,Right-handed,r07-487z
10082,Male,Right-handed,b07-556z
10082,Male,Right-handed,d09-629z
10082,Male,Right-handed,g03-056z
10082,Male,Right-handed,k01-008z
10082,Male,Right-handed,l04-436z
10082,Male,Right-handed,n01-044z
10082,Male,Right-handed,p03-341z
10082,Male,Right-handed,r07-520z
10083,Male,Right-handed,b07-576z
10083,Male,Right-handed,d09-651z
10083,Male,Right-handed,g03-075z
10083,Male,Right-handed,k01-028z
10083,Male,Right-handed,l04-457z
10083,Male,Right-handed,n01-062z
10083,Male,Right-handed,p03-367z
10083,Male,Right-handed,r07-546z
10084,Female,Left-handed,b08-597z
10084,Female,Left-handed,d09-674z
10084,Female,Left-handed,g04-090z
10084,Female,Left-handed,k02-053z
10084,Female,Left-handed,l05-477z
10084,Female,Left-handed,n02-084z
10084,Female,Left-handed,p04-387z
10084,Female,Left-handed,r07-568z
10085,Female,Right-handed,b08-620z
10085,Female,Right-handed,d10-697z
10085,Female,Right-handed,g04-107z
10085,Female,Right-handed,k02-075z
10085,Female,Right-handed,l05-499z
10085,Female,Right-handed,n02-102z
10085,Female,Right-handed,p04-411z
10085,Female,Right-handed,r08-587z
10086,Male,Right-handed,b08-648z
10086,Male,Right-handed,d10-718z
10086,Male,Right-handed,g05-124z
10086,Male,Right-handed,k02-098z
10086,Male,Right-handed,l05-526z
10086,Male,Right-handed,n02-127z
10086,Male,Right-handed,p04-431z
10086,Male,Right-handed,r08-606z
10087,Male,Right-handed,b08-667z
10087,Male,Right-handed,e01-017z
10087,Male,Right-handed,g05-140z
10087,Male,Right-handed,k02-118z
10087,Male,Right-handed,l05-543z
10087,Male,Right-handed,n02-149z
10087,Male,Right-handed,p04-455z
10087,Male,Right-handed,r08-625z
10088,Male,Right-handed,b09-696z
10088,Male,Right-handed,e01-038z
10088,Male,Right-handed,g06-159z
10088,Male,Right-handed,k03-139z
10088,Male,Right-handed,l05-564z
10088,Male,Right-handed,n02-173z
10088,Male,Right-handed,p04-478z
10088,Male,Right-handed,r09-648z
10089,Male,Right-handed,b09-724z
10089,Male,Right-handed,e01-060z
10089,Male,Right-handed,g06-179z
10089,Male,Right-handed,k03-167z
10089,Male,Right-handed,l05-588z
10089,Male,Right-handed,n03-196z
10089,Male,Right-handed,p04-504z
10089,Male,Right-handed,r09-676z
10090,Male,Right-handed,b10-748z
10090,Male,Right-handed,e02-086z
10090,Male,Right-handed,g06-194z
10090,Male,Right-handed,k03-192z
10090,Male,Right-handed,l05-613z
10090,Male,Right-handed,n03-216z
10090,Male,Right-handed,p05-529z
10090,Male,Right-handed,r09-699z
10091,Male,Right-handed,a01-007z
10091,Male,Right-handed,b10-776z
10091,Male,Right-handed,e02-103z
10091,Male,Right-handed,g07-213z
10091,Male,Right-handed,k03-215z
10091,Male,Right-handed,l06-637z
10091,Male,Right-handed,n03-242z
10091,Male,Right-handed,p05-556z
10092,Male,Right-handed,a01-030z
10092,Male,Right-handed,c01-024z
10092,Male,Right-handed,e02-125z
10092,Male,Right-handed,g08-229z
10092,Male,Right-handed,k03-239z
10092,Male,Right-handed,l06-669z
10092,Male,Right-handed,n04-266z
10092,Male,Right-handed,p05-574z
10093,Male,Right-handed,a01-053z
10093,Male,Right-handed,c02-047z
10093,Male,Right-handed,e03-143z
10093,Male,Right-handed,g08-256z
10093,Male,Right-handed,k04-259z
10093,Male,Right-handed,l06-695z
10093,Male,Right-handed,n04-290z
10093,Male,Right-handed,p05-596z
10094,Male,Right-handed,a01-073z
10094,Male,Right-handed,c02-063z
10094,Male,Right-handed,e03-160z
10094,Male,Right-handed,g09-271z
10094,Male,Right-handed,k04-282z
10094,Male,Right-handed,l06-725z
10094,Male,Right-handed,n04-320z
10094,Male,Right-handed,p05-616z
10095,Male,Right-handed,a01-094z
10095,Male,Right-handed,c03-081z
10095,Male,Right-handed,e03-175z
10095,Male,Right-handed,g09-294z
10095,Male,Right-handed,k04-301z
10095,Male,Right-handed,l06-754z
10095,Male,Right-handed,n04-351z
10095,Male,Right-handed,p06-638z
10096,Male,Right-handed,a02-113z
10096,Male,Right-handed,c03-101z
10096,Male,Right-handed,e04-192z
10096,Male,Right-handed,g09-317z
10096,Male,Right-handed,k04-324z
10096,Male,Right-handed,l07-782z
10096,Male,Right-handed,n04-383z
10096,Male,Right-handed,p06-664z
10097,Female,Right-handed,a02-130z
10097,Female,Right-handed,c04-122z
10097,Female,Right-handed,e04-207z
10097,Female,Right-handed,g10-338z
10097,Female,Right-handed,k04-353z
10097,Female,Right-handed,l07-807z
10097,Female,Right-handed,n04-405z
10097,Female,Right-handed,p06-697z
10098,Male,Right-handed,a02-152z
10098,Male,Right-handed,c04-144z
10098,Male,Right-handed,e04-226z
10098,Male,Right-handed,g10-358z
10098,Male,Right-handed,k05-374z
10098,Male,Right-handed,l07-833z
10098,Male,Right-handed,n05-434z
10098,Male,Right-handed,p06-724z
10099,Female,Right-handed,a02-171z
10099,Female,Right-handed,c04-165z
10099,Female,Right-handed,e04-246z
10099,Female,Right-handed,g10-378z
10099,Female,Right-handed,k05-406z
10099,Female,Right-handed,l07-859z
10099,Female,Right-handed,n05-457z
10099,Female,Right-handed,p06-756z
10100,Male,Right-handed,a03-200z
10100,Male,Right-handed,c04-198z
10100,Male,Right-handed,e05-265z
10100,Male,Right-handed,g10-399z
10100,Male,Right-handed,k05-431z
10100,Male,Right-handed,l07-880z
10100,Male,Right-handed,n05-483z
10100,Male,Right-handed,p06-784z
10101,Male,Right-handed,a04-224z
10101,Male,Right-handed,c04-221z
10101,Male,Right-handed,e05-286z
10101,Male,Right-handed,h01-009z
10101,Male,Right-handed,k05-458z
10101,Male,Right-handed,l08-900z
10101,Male,Right-handed,n05-510z
10101,Male,Right-handed,p06-814z
10102,Male,Right-handed,a04-246z
10102,Male,Right-handed,c04-244z
10102,Male,Right-handed,e05-302z
10102,Male,Right-handed,h01-030z
10102,Male,Right-handed,k05-480z
10102,Male,Right-handed,l08-922z
10102,Male,Right-handed,n05-534z
10102,Male,Right-handed,p07-834z
10103,Male,Right-handed,a04-269z
10103,Male,Right-handed,c05-267z
10103,Male,Right-handed,e06-321z
10103,Male,Right-handed,h02-056z
10103,Male,Right-handed,k06-499z
10103,Male,Right-handed,l08-945z
10103,Male,Right-handed,n05-559z
10103,Male,Right-handed,p07-860z
10104,Female,Right-handed,a05-291z
10104,Female,Right-handed,c06-292z
10104,Female,Right-handed,e06-339z
10104,Female,Right-handed,h02-088z
10104,Female,Right-handed,k06-520z
10104,Female,Right-handed,l08-966z
10104,Female,Right-handed,n06-584z
10104,Female,Right-handed,p07-882z
10105,Female,Right-handed,a05-345z
10105,Female,Right-handed,c06-343z
10105,Female,Right-handed,e06-375z
10105,Female,Right-handed,h03-127z
10105,Female,Right-handed,k06-563z
10105,Female,Right-handed,l09-021z
10105,Female,Right-handed,n06-633z
10105,Female,Right-handed,p07-923z
10106,Male,Right-handed,a05-318z
10106,Male,Right-handed,c06-316z
10106,Male,Right-handed,e06-357z
10106,Male,Right-handed,h03-112z
10106,Male,Right-handed,k06-543z
10106,Male,Right-handed,l09-002z
10106,Male,Right-handed,n06-608z
10106,Male,Right-handed,p07-904z
10107,Male,Right-handed,a06-368z
10107,Male,Right-handed,c07-372z
10107,Male,Right-handed,e07-393z
10107,Male,Right-handed,h04-146z
10107,Male,Right-handed,k06-584z
10107,Male,Right-handed,l09-987z
10107,Male,Right-handed,n06-655z
10107,Male,Right-handed,p08-020z
10108,Female,Right-handed,a06-392z
10108,Female,Right-handed,c07-393z
10108,Female,Right-handed,e07-409z
10108,Female,Right-handed,h04-168z
10108,Female,Right-handed,k07-604z
10108,Female,Right-handed,l10-044z
10108,Female,Right-handed,n06-680z
10108,Female,Right-handed,p08-045z
10109,Male,Right-handed,a07-413z
10109,Male,Right-handed,c07-410z
10109,Male,Right-handed,e07-425z
10109,Male,Right-handed,h05-188z
10109,Male,Right-handed,k07-635z
10109,Male,Right-handed,l10-065z
10109,Male,Right-handed,n06-701z
10109,Male,Right-handed,p08-929z
10110,Female,Left-handed,a07-438z
10110,Female,Left-handed,c08-429z
10110,Female,Left-handed,e08-445z
10110,Female,Left-handed,h06-211z
10110,Female,Left-handed,k07-662z
10110,Female,Left-handed,l10-089z
10110,Female,Left-handed,n07-732z
10110,Female,Left-handed,p08-952z
10111,Female,Right-handed,a07-466z
10111,Female,Right-handed,c08-445z
10111,Female,Right-handed,e08-461z
10111,Female,Right-handed,h06-235z
10111,Female,Right-handed,k07-689z
10111,Female,Right-handed,l10-118z
10111,Female,Right-handed,n07-759z
10111,Female,Right-handed,p08-973z
10112,Male,Right-handed,a08-491z
10112,Male,Right-handed,c08-465z
10112,Male,Right-handed,e09-488z
10112,Male,Right-handed,h07-256z
10112,Male,Right-handed,k07-721z
10112,Male,Right-handed,l10-141z
10112,Male,Right-handed,n07-793z
10112,Male,Right-handed,p08-996z
10113,Male,Right-handed,a08-512z
10113,Male,Right-handed,c09-487z
10113,Male,Right-handed,e09-509z
10113,Male,Right-handed,h07-269z
10113,Male,Right-handed,k08-744z
10113,Male,Right-handed,l10-166z
10113,Male,Right-handed,n07-818z
10113,Male,Right-handed,p09-081z
10114,Male,Right-handed,a08-535z
10114,Male,Right-handed,c09-507z
10114,Male,Right-handed,e10-532z
10114,Male,Right-handed,h08-289z
10114,Male,Right-handed,k08-765z
10114,Male,Right-handed,m01-005z
10114,Male,Right-handed,n07-844z
10114,Male,Right-handed,p09-110z
10115,Female,Right-handed,a08-562z
10115,Female,Right-handed,c09-528z
10115,Female,Right-handed,e10-550z
10115,Female,Right-handed,h08-311z
10115,Female,Right-handed,k08-788z
10115,Female,Right-handed,m01-024z
10115,Female,Right-handed,n07-868z
10115,Female,Right-handed,p09-130z
10116,Female,Right-handed,a09-589z
10116,Female,Right-handed,c10-552z
10116,Female,Right-handed,f01-005z
10116,Female,Right-handed,h09-334z
10116,Female,Right-handed,k08-813z
10116,Female,Right-handed,m01-042z
10116,Female,Right-handed,n07-899z
10116,Female,Right-handed,p09-156z
10117,Male,Right-handed,a09-615z
10117,Male,Right-handed,c10-567z
10117,Male,Right-handed,f01-022z
10117,Male,Right-handed,h09-356z
10117,Male,Right-handed,k08-835z
10117,Male,Right-handed,m01-066z
10117,Male,Right-handed,n08-011z
10117,Male,Right-handed,p09-178z
10118,Male,Right-handed,a09-639z
10118,Male,Right-handed,d01-001z
10118,Male,Right-handed,f01-042z
10118,Male,Right-handed,h09-380z
10118,Male,Right-handed,k09-019z
10118,Male,Right-handed,m01-088z
10118,Male,Right-handed,n08-040z
10118,Male,Right-handed,p10-200z
10119,Male,Right-handed,a09-666z
10119,Male,Right-handed,d01-019z
10119,Male,Right-handed,f01-065z
10119,Male,Right-handed,h10-415z
10119,Male,Right-handed,k09-854z
10119,Male,Right-handed,m01-106z
10119,Male,Right-handed,n08-073z
10119,Male,Right-handed,p10-226z
10120,Male,Right-handed,a10-688z
10120,Male,Right-handed,d01-039z
10120,Male,Right-handed,f01-089z
10120,Male,Right-handed,h10-432z
10120,Male,Right-handed,k09-882z
10120,Male,Right-handed,m02-125z
10120,Male,Right-handed,n08-944z
10120,Male,Right-handed,p10-249z
10121,Female,Right-handed,a10-713z
10121,Female,Right-handed,d01-057z
10121,Female,Right-handed,f02-116z
10121,Female,Right-handed,j01-013z
10121,Female,Right-handed,k09-909z
10121,Female,Right-handed,m02-145z
10121,Female,Right-handed,n08-978z
10121,Female,Right-handed,p10-277z
10122,Male,Right-handed,b01-008z
10122,Male,Right-handed,d02-076z
10122,Male,Right-handed,f03-139z
10122,Male,Right-handed,j01-032z
10122,Male,Right-handed,k09-938z
10122,Male,Right-handed,m02-161z
10122,Male,Right-handed,n09-083z
10122,Male,Right-handed,p10-305z
10123,Male,Right-handed,b01-032z
10123,Male,Right-handed,d03-100z
10123,Male,Right-handed,f03-166z
10123,Male,Right-handed,j01-054z
10123,Male,Right-handed,k09-969z
10123,Male,Right-handed,m03-188z
10123,Male,Right-handed,n09-105z
10123,Male,Right-handed,p10-335z
10124,Male,Right-handed,b01-059z
10124,Male,Right-handed,d03-128z
10124,Male,Right-handed,f03-197z
10124,Male,Right-handed,j02-073z
10124,Male,Right-handed,k10-046z
10124,Male,Right-handed,m03-214z
10124,Male,Right-handed,n09-128z
10124,Male,Right-handed,p10-359z
10125,Female,Right-handed,b01-083z
10125,Female,Right-handed,d03-150z
10125,Female,Right-handed,f03-222z
10125,Female,Right-handed,j02-091z
10125,Female,Right-handed,k10-067z
10125,Female,Right-handed,m04-241z
10125,Female,Right-handed,n09-155z
10125,Female,Right-handed,r01-011z
10126,Male,Right-handed,b02-103z
10126,Male,Right-handed,d03-177z
10126,Male,Right-handed,f03-249z
10126,Male,Right-handed,j02-106z
10126,Male,Right-handed,k10-095z
10126,Male,Right-handed,m04-266z
10126,Male,Right-handed,n09-175z
10126,Male,Right-handed,r01-034z
10127,Male,Right-handed,b02-122z
10127,Male,Right-handed,d03-204z
10127,Male,Right-handed,f03-274z
10127,Male,Right-handed,j03-126z
10127,Male,Right-handed,l01-003z
10127,Male,Right-handed,m04-294z
10127,Male,Right-handed,n09-202z
10127,Male,Right-handed,r01-060z
10128,Female,Right-handed,b03-142z
10128,Female,Right-handed,d04-237z
10128,Female,Right-handed,f03-300z
10128,Female,Right-handed,j03-154z
10128,Female,Right-handed,l01-030z
10128,Female,Right-handed,m04-317z
10128,Female,Right-handed,n10-233z
10128,Female,Right-handed,r02-091z
10129,Male,Right-handed,b03-158z
10129,Male,Right-handed,d04-257z
10129,Male,Right-handed,f04-314z
10129,Male,Right-handed,j04-179z
10129,Male,Right-handed,l01-056z
10129,Male,Right-handed,m04-347z
10129,Male,Right-handed,n10-255z
10129,Male,Right-handed,r02-112z
10130,Male,Right-handed,b03-176z
10130,Male,Right-handed,d04-284z
10130,Male,Right-handed,f04-331z
10130,Male,Right-handed,j04-196z
10130,Male,Right-handed,l01-083z
10130,Male,Right-handed,m04-383z
10130,Male,Right-handed,n10-277z
10130,Male,Right-handed,r02-132z
10131,Female,Right-handed,b03-199z
10131,Female,Right-handed,d04-309z
10131,Female,Right-handed,f05-348z
10131,Female,Right-handed,j04-212z
10131,Female,Right-handed,l01-108z
10131,Female,Right-handed,m04-409z
10131,Female,Right-handed,n10-298z
10131,Female,Right-handed,r02-158z
10132,Female,Right-handed,b04-229z
10132,Female,Right-handed,d05-330z
10132,Female,Right-handed,f05-365z
10132,Female,Right-handed,j04-230z
10132,Female,Right-handed,l01-133z
10132,Female,Right-handed,m05-433z
10132,Female,Right-handed,n10-324z
10132,Female,Right-handed,r02-183z
10133,Male,Left-handed,b04-253z
10133,Male,Left-handed,d05-352z
10133,Male,Left-handed,f06-380z
10133,Male,Left-handed,j05-255z
10133,Male,Left-handed,l02-154z
10133,Male,Left-handed,m05-463z
10133,Male,Left-handed,p01-004z
10133,Male,Left-handed,r03-202z
10134,Male,Right-handed,b04-281z
10134,Male,Right-handed,d05-374z
10134,Male,Right-handed,f06-396z
10134,Male,Right-handed,j05-272z
10134,Male,Right-handed,l02-171z
10134,Male,Right-handed,m05-486z
10134,Male,Right-handed,p01-024z
10134,Male,Right-handed,r03-228z
10135,Female,Right-handed,b04-308z
10135,Female,Right-handed,d05-391z
10135,Female,Right-handed,f07-412z
10135,Female,Right-handed,j06-294z
10135,Female,Right-handed,l02-188z
10135,Female,Right-handed,m05-507z
10135,Female,Right-handed,p01-056z
10135,Female,Right-handed,r03-254z
10136,Female,Right-handed,b04-334z
10136,Female,Right-handed,d06-414z
10136,Female,Right-handed,f07-431z
10136,Female,Right-handed,j06-312z
10136,Female,Right-handed,l02-209z
10136,Female,Right-handed,m05-538z
10136,Female,Right-handed,p01-084z
10136,Female,Right-handed,r04-276z
10137,Female,Right-handed,b04-363z
10137,Female,Right-handed,d06-432z
10137,Female,Right-handed,f07-448z
10137,Female,Right-handed,j06-328z
10137,Female,Right-handed,l02-233z
10137,Female,Right-handed,m05-568z
10137,Female,Right-handed,p01-114z
10137,Female,Right-handed,r04-300z
10138,Female,Right-handed,b05-391z
10138,Female,Right-handed,d07-455z
10138,Female,Right-handed,f08-466z
10138,Female,Right-handed,j07-348z
10138,Female,Right-handed,l03-247z
10138,Female,Right-handed,m05-599z
10138,Female,Right-handed,p01-137z
10138,Female,Right-handed,r04-325z
10139,Male,Right-handed,b05-416z
10139,Male,Right-handed,d07-474z
10139,Male,Right-handed,f09-492z
10139,Male,Right-handed,j07-364z
10139,Male,Right-handed,l03-267z
10139,Male,Right-handed,m06-628z
10139,Male,Right-handed,p02-165z
10139,Male,Right-handed,r04-340z
10140,Male,Right-handed,b05-437z
10140,Male,Right-handed,d07-506z
10140,Male,Right-handed,f09-511z
10140,Male,Right-handed,j08-385z
10140,Male,Right-handed,l03-287z
10140,Male,Right-handed,m06-659z
10140,Male,Right-handed,p02-186z
10140,Male,Right-handed,r05-361z
10141,Male,Right-handed,b05-459z
10141,Male,Right-handed,d07-522z
10141,Male,Right-handed,f10-531z
10141,Male,Right-handed,j08-402z
10141,Male,Right-handed,l03-317z
10141,Male,Right-handed,m06-686z
10141,Male,Right-handed,p02-209z
10141,Male,Right-handed,r05-382z
10142,Female,Right-handed,b06-484z
10142,Female,Right-handed,d08-540z
10142,Female,Right-handed,f10-553z
10142,Female,Right-handed,j08-421z
10142,Female,Right-handed,l03-333z
10142,Female,Right-handed,m06-706z
10142,Female,Right-handed,p02-228z
10142,Female,Right-handed,r06-405z
10143,Female,Right-handed,b06-502z
10143,Female,Right-handed,d08-555z
10143,Female,Right-handed,f10-576z
10143,Female,Right-handed,j09-437z
10143,Female,Right-handed,l04-356z
10143,Female,Right-handed,m06-730z
10143,Female,Right-handed,p02-248z
10143,Female,Right-handed,r06-423z
10144,Male,Right-handed,b06-523z
10144,Male,Right-handed,d08-574z
10144,Male,Right-handed,g01-010z
10144,Male,Right-handed,j10-452z
10144,Male,Right-handed,l04-381z
10144,Male,Right-handed,m06-754z
10144,Male,Right-handed,p03-269z
10144,Male,Right-handed,r06-445z
10145,Male,Right-handed,b07-542z
10145,Male,Right-handed,d08-592z
10145,Male,Right-handed,g02-027z
10145,Male,Right-handed,j10-474z
10145,Male,Right-handed,l04-402z
10145,Male,Right-handed,n01-011z
10145,Male,Right-handed,p03-298z
10145,Male,Right-handed,r06-468z
10146,Male,Right-handed,b07-563z
10146,Male,Right-handed,d09-612z
10146,Male,Right-handed,g03-044z
10146,Male,Right-handed,j10-493z
10146,Male,Right-handed,l04-420z
10146,Male,Right-handed,n01-029z
10146,Male,Right-handed,p03-321z
10146,Male,Right-handed,r07-492z
10147,Male,Right-handed,b07-580z
10147,Male,Right-handed,d09-635z
10147,Male,Right-handed,g03-063z
10147,Male,Right-handed,k01-014z
10147,Male,Right-handed,l04-441z
10147,Male,Right-handed,n01-051z
10147,Male,Right-handed,p03-350z
10147,Male,Right-handed,r07-527z
10148,Male,Right-handed,b08-604z
10148,Male,Right-handed,d09-656z
10148,Male,Right-handed,g04-081z
10148,Male,Right-handed,k01-037z
10148,Male,Right-handed,l04-461z
10148,Male,Right-handed,n01-068z
10148,Male,Right-handed,p04-373z
10148,Male,Right-handed,r07-550z
10149,Male,Right-handed,b08-628z
10149,Male,Right-handed,d10-681z
10149,Male,Right-handed,g04-095z
10149,Male,Right-handed,k02-059z
10149,Male,Right-handed,l05-484z
10149,Male,Right-handed,n02-091z
10149,Male,Right-handed,p04-394z
10149,Male,Right-handed,r08-574z
10150,Male,Left-handed,b08-653z
10150,Male,Left-handed,d10-703z
10150,Male,Left-handed,g04-111z
10150,Male,Left-handed,k02-083z
10150,Male,Left-handed,l05-507z
10150,Male,Left-handed,n02-109z
10150,Male,Left-handed,p04-416z
10150,Male,Left-handed,r08-592z
10151,Male,Right-handed,b08-674z
10151,Male,Right-handed,e01-004z
10151,Male,Right-handed,g05-128z
10151,Male,Right-handed,k02-105z
10151,Male,Right-handed,l05-531z
10151,Male,Right-handed,n02-134z
10151,Male,Right-handed,p04-438z
10151,Male,Right-handed,r08-612z
10152,Male,Right-handed,b09-705z
10152,Male,Right-handed,e01-022z
10152,Male,Right-handed,g05-145z
10152,Male,Right-handed,k03-123z
10152,Male,Right-handed,l05-548z
10152,Male,Right-handed,n02-155z
10152,Male,Right-handed,p04-460z
10152,Male,Right-handed,r08-631z
10153,Male,Right-handed,b09-732z
10153,Male,Right-handed,e01-043z
10153,Male,Right-handed,g06-165z
10153,Male,Right-handed,k03-147z
10153,Male,Right-handed,l05-570z
10153,Male,Right-handed,n02-179z
10153,Male,Right-handed,p04-483z
10153,Male,Right-handed,r09-659z
10154,Female,Right-handed,b10-755z
10154,Female,Right-handed,e01-067z
10154,Female,Right-handed,g06-183z
10154,Female,Right-handed,k03-173z
10154,Female,Right-handed,l05-596z
10154,Female,Right-handed,n03-200z
10154,Female,Right-handed,p05-511z
10154,Female,Right-handed,r09-681z
10155,Female,Left-handed,c01-001z
10155,Female,Left-handed,e02-091z
10155,Female,Left-handed,g06-199z
10155,Female,Left-handed,k03-200z
10155,Female,Left-handed,l06-621z
10155,Female,Left-handed,n03-225z
10155,Female,Left-handed,p05-536z
10155,Female,Left-handed,r09-705z
10156,Female,Right-handed,a01-013z
10156,Female,Right-handed,c01-030z
10156,Female,Right-handed,e02-110z
10156,Female,Right-handed,g07-218z
10156,Female,Right-handed,k03-223z
10156,Female,Right-handed,l06-644z
10156,Female,Right-handed,n03-248z
10156,Female,Right-handed,p05-560z
10157,Female,Right-handed,a01-037z
10157,Female,Right-handed,c02-052z
10157,Female,Right-handed,e02-130z
10157,Female,Right-handed,g08-238z
10157,Female,Right-handed,k04-247z
10157,Female,Right-handed,l06-677z
10157,Female,Right-handed,n04-275z
10157,Female,Right-handed,p05-581z
10158,Female,Right-handed,a01-058z
10158,Female,Right-handed,c02-067z
10158,Female,Right-handed,e03-148z
10158,Female,Right-handed,g09-260z
10158,Female,Right-handed,k04-265z
10158,Female,Right-handed,l06-702z
10158,Female,Right-handed,n04-299z
10158,Female,Right-handed,p05-602z
10159,Male,Right-handed,a01-080z
10159,Male,Right-handed,c03-088z
10159,Male,Right-handed,e03-165z
10159,Male,Right-handed,g09-277z
10159,Male,Right-handed,k04-288z
10159,Male,Right-handed,l06-734z
10159,Male,Right-handed,n04-328z
10159,Male,Right-handed,p05-621z
10160,Male,Right-handed,a01-099z
10160,Male,Right-handed,c03-109z
10160,Male,Right-handed,e03-179z
10160,Male,Right-handed,g09-301z
10160,Male,Right-handed,k04-309z
10160,Male,Right-handed,l07-761z
10160,Male,Right-handed,n04-361z
10160,Male,Right-handed,p06-644z
10161,Female,Right-handed,a02-118z
10161,Female,Right-handed,c04-126z
10161,Female,Right-handed,e04-196z
10161,Female,Right-handed,g10-323z
10161,Female,Right-handed,k04-334z
10161,Female,Right-handed,l07-790z
10161,Female,Right-handed,n04-390z
10161,Female,Right-handed,p06-672z
10162,Male,Right-handed,a02-135z
10162,Male,Right-handed,c04-152z
10162,Male,Right-handed,e04-212z
10162,Male,Right-handed,g10-343z
10162,Male,Right-handed,k05-361z
10162,Male,Right-handed,l07-812z
10162,Male,Right-handed,n05-412z
10162,Male,Right-handed,p06-703z
10163,Male,Right-handed,a02-158z
10163,Male,Right-handed,c04-174z
10163,Male,Right-handed,e04-232z
10163,Male,Right-handed,g10-363z
10163,Male,Right-handed,k05-380z
10163,Male,Right-handed,l07-841z
10163,Male,Right-handed,n05-442z
10163,Male,Right-handed,p06-734z
10164,Male,Right-handed,a02-178z
10164,Male,Right-handed,c04-204z
10164,Male,Right-handed,e04-251z
10164,Male,Right-handed,g10-383z
10164,Male,Right-handed,k05-413z
10164,Male,Right-handed,l07-867z
10164,Male,Right-handed,n05-464z
10164,Male,Right-handed,p06-764z
10165,Male,Right-handed,a03-206z
10165,Male,Right-handed,c04-228z
10165,Male,Right-handed,e05-270z
10165,Male,Right-handed,g10-404z
10165,Male,Right-handed,k05-438z
10165,Male,Right-handed,l07-885z
10165,Male,Right-handed,n05-491z
10165,Male,Right-handed,p06-793z
10166,Male,Right-handed,a04-229z
10166,Male,Right-handed,c05-251z
10166,Male,Right-handed,e05-290z
10166,Male,Right-handed,h01-013z
10166,Male,Right-handed,k05-463z
10166,Male,Right-handed,l08-908z
10166,Male,Right-handed,n05-514z
10166,Male,Right-handed,p07-820z
10167,Female,Right-handed,a04-252z
10167,Female,Right-handed,c06-274z
10167,Female,Right-handed,e05-308z
10167,Female,Right-handed,h01-034z
10167,Female,Right-handed,k05-486z
10167,Female,Right-handed,l08-931z
10167,Female,Right-handed,n05-541z
10167,Female,Right-handed,p07-844z
10168,Female,Right-handed,a05-275z
10168,Female,Right-handed,c06-299z
10168,Female,Right-handed,e06-326z
10168,Female,Right-handed,h02-068z
10168,Female,Right-handed,k06-504z
10168,Female,Right-handed,l08-952z
10168,Female,Right-handed,n06-568z
10168,Female,Right-handed,p07-869z
10169,Male,Left-handed,a05-297z
10169,Male,Left-handed,c06-324z
10169,Male,Left-handed,e06-343z
10169,Male,Left-handed,h03-099z
10169,Male,Left-handed,k06-528z
10169,Male,Left-handed,l08-970z
10169,Male,Left-handed,n06-593z
10169,Male,Left-handed,p07-890z
10170,Female,Right-handed,a05-328z
10170,Female,Right-handed,c06-352z
10170,Female,Right-handed,e06-362z
10170,Female,Right-handed,h03-116z
10170,Female,Right-handed,k06-548z
10170,Female,Right-handed,l09-007z
10170,Female,Right-handed,n06-614z
10170,Female,Right-handed,p07-909z
10171,Male,Right-handed,a05-353z
10171,Male,Right-handed,c07-379z
10171,Male,Right-handed,e07-381z
10171,Male,Right-handed,h04-134z
10171,Male,Right-handed,k06-571z
10171,Male,Right-handed,l09-029z
10171,Male,Right-handed,n06-642z
10171,Male,Right-handed,p08-005z
10172,Female,Left-handed,a06-373z
10172,Female,Left-handed,c07-397z
10172,Female,Left-handed,e07-398z
10172,Female,Left-handed,h04-155z
10172,Female,Left-handed,k06-588z
10172,Female,Left-handed,l09-994z
10172,Female,Left-handed,n06-663z
10172,Female,Left-handed,p08-028z
10173,Female,Right-handed,a06-397z
10173,Female,Right-handed,c07-417z
10173,Female,Right-handed,e07-414z
10173,Female,Right-handed,h04-173z
10173,Female,Right-handed,k07-614z
10173,Female,Right-handed,l10-049z
10173,Female,Right-handed,n06-686z
10173,Female,Right-handed,p08-051z
10174,Female,Right-handed,a07-421z
10174,Female,Right-handed,c08-434z
10174,Female,Right-handed,e08-429z
10174,Female,Right-handed,h05-195z
10174,Female,Right-handed,k07-640z
10174,Female,Right-handed,l10-072z
10174,Female,Right-handed,n07-710z
10174,Female,Right-handed,p08-936z
10175,Male,Right-handed,a07-446z
10175,Male,Right-handed,c08-450z
10175,Male,Right-handed,e08-449z
10175,Male,Right-handed,h06-216z
10175,Male,Right-handed,k07-671z
10175,Male,Right-handed,l10-098z
10175,Male,Right-handed,n07-742z
10175,Male,Right-handed,p08-956z
10176,Male,Right-handed,a07-472z
10176,Male,Right-handed,c08-471z
10176,Male,Right-handed,e08-467z
10176,Male,Right-handed,h06-242z
10176,Male,Right-handed,k07-700z
10176,Male,Right-handed,l10-126z
10176,Male,Right-handed,n07-767z
10176,Male,Right-handed,p08-978z
10177,Female,Right-handed,a08-496z
10177,Female,Right-handed,c09-493z
10177,Female,Right-handed,e09-492z
10177,Female,Right-handed,h07-260z
10177,Female,Right-handed,k07-728z
10177,Female,Right-handed,l10-147z
10177,Female,Right-handed,n07-800z
10177,Female,Right-handed,p09-064z
10178,Female,Right-handed,a08-519z
10178,Female,Right-handed,c09-514z
10178,Female,Right-handed,e09-515z
10178,Female,Right-handed,h07-276z
10178,Female,Right-handed,k08-749z
10178,Female,Right-handed,l10-174z
10178,Female,Right-handed,n07-826z
10178,Female,Right-handed,p09-090z
10179,Female,Right-handed,a08-542z
10179,Female,Right-handed,c09-533z
10179,Female,Right-handed,e10-536z
10179,Female,Right-handed,h08-295z
10179,Female,Right-handed,k08-770z
10179,Female,Right-handed,m01-012z
10179,Female,Right-handed,n07-850z
10179,Female,Right-handed,p09-116z
10180,Male,Left-handed,a08-571z
10180,Male,Left-handed,c10-557z
10180,Male,Left-handed,e10-555z
10180,Male,Left-handed,h08-321z
10180,Male,Left-handed,k08-794z
10180,Male,Left-handed,m01-029z
10180,Male,Left-handed,n07-877z
10180,Male,Left-handed,p09-140z
10181,Female,Left-handed,a09-595z
10181,Female,Left-handed,c10-573z
10181,Female,Left-handed,f01-010z
10181,Female,Left-handed,h09-339z
10181,Female,Left-handed,k08-820z
10181,Female,Left-handed,m01-049z
10181,Female,Left-handed,n07-905z
10181,Female,Left-handed,p09-162z
10182,Male,Right-handed,a09-623z
10182,Male,Right-handed,d01-006z
10182,Male,Right-handed,f01-028z
10182,Male,Right-handed,h09-362z
10182,Male,Right-handed,k09-000z
10182,Male,Right-handed,m01-071z
10182,Male,Right-handed,n08-019z
10182,Male,Right-handed,p09-185z
10183,Male,Right-handed,a09-646z
10183,Male,Right-handed,d01-025z
10183,Male,Right-handed,f01-048z
10183,Male,Right-handed,h09-392z
10183,Male,Right-handed,k09-032z
10183,Male,Right-handed,m01-093z
10183,Male,Right-handed,n08-050z
10183,Male,Right-handed,p10-208z
10184,Male,Right-handed,a10-673z
10184,Male,Right-handed,d01-044z
10184,Male,Right-handed,f01-074z
10184,Male,Right-handed,h10-420z
10184,Male,Right-handed,k09-861z
10184,Male,Right-handed,m01-112z
10184,Male,Right-handed,n08-924z
10184,Male,Right-handed,p10-232z
10185,Male,Right-handed,a10-697z
10185,Male,Right-handed,d02-062z
10185,Male,Right-handed,f02-094z
10185,Male,Right-handed,h10-437z
10185,Male,Right-handed,k09-890z
10185,Male,Right-handed,m02-132z
10185,Male,Right-handed,n08-954z
10185,Male,Right-handed,p10-258z
10186,Female,Right-handed,a10-719z
10186,Female,Right-handed,d02-081z
10186,Female,Right-handed,f02-121z
10186,Female,Right-handed,j01-017z
10186,Female,Right-handed,k09-918z
10186,Female,Right-handed,m02-149z
10186,Female,Right-handed,n08-990z
10186,Female,Right-handed,p10-288z
10187,Male,Right-handed,b01-015z
10187,Male,Right-handed,d03-109z
10187,Male,Right-handed,f03-148z
10187,Male,Right-handed,j01-038z
10187,Male,Right-handed,k09-946z
10187,Male,Right-handed,m03-167z
10187,Male,Right-handed,n09-090z
10187,Male,Right-handed,p10-313z
10188,Female,Right-handed,b01-039z
10188,Female,Right-handed,d03-137z
10188,Female,Right-handed,f03-177z
10188,Female,Right-handed,j01-060z
10188,Female,Right-handed,k09-980z
10188,Female,Right-handed,m03-200z
10188,Female,Right-handed,n09-110z
10188,Female,Right-handed,p10-341z
10189,Male,Right-handed,b01-065z
10189,Male,Right-handed,d03-157z
10189,Male,Right-handed,f03-205z
10189,Male,Right-handed,j02-078z
10189,Male,Right-handed,k10-051z
10189,Male,Right-handed,m03-225z
10189,Male,Right-handed,n09-137z
10189,Male,Right-handed,p10-364z
10190,Female,Right-handed,b01-087z
10190,Female,Right-handed,d03-184z
10190,Female,Right-handed,f03-231z
10190,Female,Right-handed,j02-095z
10190,Female,Right-handed,k10-075z
10190,Female,Right-handed,m04-246z
10190,Female,Right-handed,n09-160z
10190,Female,Right-handed,r01-016z
10191,Female,Right-handed,b02-108z
10191,Female,Right-handed,d03-211z
10191,Female,Right-handed,f03-255z
10191,Female,Right-handed,j02-110z
10191,Female,Right-handed,k10-103z
10191,Female,Right-handed,m04-277z
10191,Female,Right-handed,n09-183z
10191,Female,Right-handed,r01-043z
10192,Male,Right-handed,b02-127z
10192,Male,Right-handed,d04-243z
10192,Male,Right-handed,f03-284z
10192,Male,Right-handed,j03-138z
10192,Male,Right-handed,l01-011z
10192,Male,Right-handed,m04-301z
10192,Male,Right-handed,n09-210z
10192,Male,Right-handed,r01-072z
10193,Male,Right-handed,b03-148z
10193,Male,Right-handed,d04-263z
10193,Male,Right-handed,f04-304z
10193,Male,Right-handed,j03-158z
10193,Male,Right-handed,l01-037z
10193,Male,Right-handed,m04-325z
10193,Male,Right-handed,n10-239z
10193,Male,Right-handed,r02-096z
10194,Male,Right-handed,b03-163z
10194,Male,Right-handed,d04-290z
10194,Male,Right-handed,f04-318z
10194,Male,Right-handed,j04-183z
10194,Male,Right-handed,l01-063z
10194,Male,Right-handed,m04-359z
10194,Male,Right-handed,n10-260z
10194,Male,Right-handed,r02-119z
10195,Male,Right-handed,b03-184z
10195,Male,Right-handed,d05-315z
10195,Male,Right-handed,f05-335z
10195,Male,Right-handed,j04-200z
10195,Male,Right-handed,l01-091z
10195,Male,Right-handed,m04-392z
10195,Male,Right-handed,n10-284z
10195,Male,Right-handed,r02-140z
10196,Male,Right-handed,b03-205z
10196,Male,Right-handed,d05-335z
10196,Male,Right-handed,f05-352z
10196,Male,Right-handed,j04-218z
10196,Male,Right-handed,l01-114z
10196,Male,Right-handed,m04-416z
10196,Male,Right-handed,n10-305z
10196,Male,Right-handed,r02-166z
10197,Female,Right-handed,b04-236z
10197,Female,Right-handed,d05-360z
10197,Female,Right-handed,f05-370z
10197,Female,Right-handed,j04-238z
10197,Female,Right-handed,l01-141z
10197,Female,Right-handed,m05-439z
10197,Female,Right-handed,n10-330z
10197,Female,Right-handed,r02-190z
10198,Female,Right-handed,b04-261z
10198,Female,Right-handed,d05-380z
10198,Female,Right-handed,f06-384z
10198,Female,Right-handed,j05-261z
10198,Female,Right-handed,l02-158z
10198,Female,Right-handed,m05-472z
10198,Female,Right-handed,p01-010z
10198,Female,Right-handed,r03-208z
10199,Female,Right-handed,b04-289z
10199,Female,Right-handed,d05-396z
10199,Female,Right-handed,f06-401z
10199,Female,Right-handed,j06-278z
10199,Female,Right-handed,l02-176z
10199,Female,Right-handed,m05-492z
10199,Female,Right-handed,p01-032z
10199,Female,Right-handed,r03-235z
10200,Male,Left-handed,b04-315z
10200,Male,Left-handed,d06-419z
10200,Male,Left-handed,f07-417z
10200,Male,Left-handed,j06-301z
10200,Male,Left-handed,l02-194z
10200,Male,Left-handed,m05-516z
10200,Male,Left-handed,p01-063z
10200,Male,Left-handed,r04-260z
10201,Female,Right-handed,b04-344z
10201,Female,Right-handed,d06-440z
10201,Female,Right-handed,f07-436z
10201,Female,Right-handed,j06-316z
10201,Female,Right-handed,l02-216z
10201,Female,Right-handed,m05-543z
10201,Female,Right-handed,p01-095z
10201,Female,Right-handed,r04-283z
10202,Male,Right-handed,b04-369z
10202,Male,Right-handed,d07-460z
10202,Male,Right-handed,f07-453z
10202,Male,Right-handed,j06-333z
10202,Male,Right-handed,l02-237z
10202,Male,Right-handed,m05-576z
10202,Male,Right-handed,p01-119z
10202,Male,Right-handed,r04-308z
10203,Male,Right-handed,b05-400z
10203,Male,Right-handed,d07-485z
10203,Male,Right-handed,f08-473z
10203,Male,Right-handed,j07-353z
10203,Male,Right-handed,l03-252z
10203,Male,Right-handed,m06-608z
10203,Male,Right-handed,p01-147z
10203,Male,Right-handed,r04-330z
10204,Male,Right-handed,b05-422z
10204,Male,Right-handed,d07-510z
10204,Male,Right-handed,f09-499z
10204,Male,Right-handed,j07-370z
10204,Male,Right-handed,l03-272z
10204,Male,Right-handed,m06-637z
10204,Male,Right-handed,p02-169z
10204,Male,Right-handed,r04-347z
10205,Female,Right-handed,b05-444z
10205,Female,Right-handed,d08-528z
10205,Female,Right-handed,f09-518z
10205,Female,Right-handed,j08-391z
10205,Female,Right-handed,l03-295z
10205,Female,Right-handed,m06-667z
10205,Female,Right-handed,p02-192z
10205,Female,Right-handed,r05-367z
10206,Female,Right-handed,b05-465z
10206,Female,Right-handed,d08-544z
10206,Female,Right-handed,f10-536z
10206,Female,Right-handed,j08-408z
10206,Female,Right-handed,l03-323z
10206,Female,Right-handed,m06-693z
10206,Female,Right-handed,p02-214z
10206,Female,Right-handed,r06-388z
10207,Female,Right-handed,b06-489z
10207,Female,Right-handed,d08-561z
10207,Female,Right-handed,f10-558z
10207,Female,Right-handed,j08-425z
10207,Female,Right-handed,l03-340z
10207,Female,Right-handed,m06-712z
10207,Female,Right-handed,p02-236z
10207,Female,Right-handed,r06-412z
10208,Male,Right-handed,b06-508z
10208,Male,Right-handed,d08-579z
10208,Male,Right-handed,f10-582z
10208,Male,Right-handed,j09-443z
10208,Male,Right-handed,l04-363z
10208,Male,Right-handed,m06-736z
10208,Male,Right-handed,p03-254z
10208,Male,Right-handed,r06-429z
10209,Male,Right-handed,b06-527z
10209,Male,Right-handed,d09-598z
10209,Male,Right-handed,g01-016z
10209,Male,Right-handed,j10-457z
10209,Male,Right-handed,l04-388z
10209,Male,Right-handed,m06-759z
10209,Male,Right-handed,p03-279z
10209,Male,Right-handed,r06-453z
10210,Male,Right-handed,b07-548z
10210,Male,Right-handed,d09-618z
10210,Male,Right-handed,g02-032z
10210,Male,Right-handed,j10-480z
10210,Male,Right-handed,l04-408z
10210,Male,Right-handed,n01-015z
10210,Male,Right-handed,p03-304z
10210,Male,Right-handed,r07-475z
10211,Female,Right-handed,b07-568z
10211,Female,Right-handed,d09-642z
10211,Female,Right-handed,g03-048z
10211,Female,Right-handed,j10-499z
10211,Female,Right-handed,l04-425z
10211,Female,Right-handed,n01-035z
10211,Female,Right-handed,p03-331z
10211,Female,Right-handed,r07-503z
10212,Female,Right-handed,b07-587z
10212,Female,Right-handed,d09-664z
10212,Female,Right-handed,g03-067z
10212,Female,Right-handed,k01-021z
10212,Female,Right-handed,l04-446z
10212,Female,Right-handed,n01-055z
10212,Female,Right-handed,p03-354z
10212,Female,Right-handed,r07-532z
10213,Male,Right-handed,b08-611z
10213,Male,Right-handed,d10-684z
10213,Male,Right-handed,g04-085z
10213,Male,Right-handed,k02-043z
10213,Male,Right-handed,l04-468z
10213,Male,Right-handed,n01-074z
10213,Male,Right-handed,p04-379z
10213,Male,Right-handed,r07-555z
10214,Female,Right-handed,b08-636z
10214,Female,Right-handed,d10-709z
10214,Female,Right-handed,g04-101z
10214,Female,Right-handed,k02-067z
10214,Female,Right-handed,l05-489z
10214,Female,Right-handed,n02-096z
10214,Female,Right-handed,p04-401z
10214,Female,Right-handed,r08-580z
10215,Male,Left-handed,b08-658z
10215,Male,Left-handed,e01-009z
10215,Male,Left-handed,g04-116z
10215,Male,Left-handed,k02-091z
10215,Male,Left-handed,l05-517z
10215,Male,Left-handed,n02-117z
10215,Male,Left-handed,p04-422z
10215,Male,Left-handed,r08-599z
10216,Male,Right-handed,b08-681z
10216,Male,Right-handed,e01-026z
10216,Male,Right-handed,g05-133z
10216,Male,Right-handed,k02-111z
10216,Male,Right-handed,l05-536z
10216,Male,Right-handed,n02-140z
10216,Male,Right-handed,p04-445z
10216,Male,Right-handed,r08-617z
10217,Male,Left-handed,b09-710z
10217,Male,Left-handed,e01-049z
10217,Male,Left-handed,g06-150z
10217,Male,Left-handed,k03-130z
10217,Male,Left-handed,l05-554z
10217,Male,Left-handed,n02-163z
10217,Male,Left-handed,p04-468z
10217,Male,Left-handed,r09-638z
10218,Male,Right-handed,b10-739z
10218,Male,Right-handed,e02-077z
10218,Male,Right-handed,g06-172z
10218,Male,Right-handed,k03-154z
10218,Male,Right-handed,l05-577z
10218,Male,Right-handed,n03-188z
10218,Male,Right-handed,p04-492z
10218,Male,Right-handed,r09-664z
10219,Female,Right-handed,b10-764z
10219,Female,Right-handed,e02-095z
10219,Female,Right-handed,g06-186z
10219,Female,Right-handed,k03-181z
10219,Female,Right-handed,l05-601z
10219,Female,Right-handed,n03-209z
10219,Female,Right-handed,p05-519z
10219,Female,Right-handed,r09-689z
10220,Male,Right-handed,c01-009z
10220,Male,Right-handed,e02-117z
10220,Male,Right-handed,g07-205z
10220,Male,Right-handed,k03-205z
10220,Male,Right-handed,l06-628z
10220,Male,Right-handed,n03-232z
10220,Male,Right-handed,p05-543z
10220,Male,Right-handed,r09-711z
10221,Female,Left-handed,a01-020z
10221,Female,Left-handed,c01-038z
10221,Female,Left-handed,e02-134z
10221,Female,Left-handed,g07-222z
10221,Female,Left-handed,k03-228z
10221,Female,Left-handed,l06-655z
10221,Female,Left-handed,n04-255z
10221,Female,Left-handed,p05-565z
