test line,ground,predicted,mvs
0,0,0,{'votes/confidence': 0.9998716115951538}
1,0,0,{'votes/confidence': '4/6'}
2,0,0,{'votes/confidence': 0.9999591112136841}
3,0,1,{'votes/confidence': '4/7'}
4,0,0,{'votes/confidence': '7/7'}
5,0,1,{'votes/confidence': '5/6'}
6,0,1,{'votes/confidence': '3/5'}
7,0,0,{'votes/confidence': '5/5'}
8,0,1,{'votes/confidence': '4/7'}
9,0,1,{'votes/confidence': '5/5'}
10,0,0,{'votes/confidence': '4/6'}
11,0,0,{'votes/confidence': '6/6'}
12,0,0,{'votes/confidence': '6/6'}
13,0,0,{'votes/confidence': '4/7'}
14,0,1,{'votes/confidence': '3/4'}
15,0,0,{'votes/confidence': '2/2'}
16,0,0,{'votes/confidence': '4/4'}
17,0,0,{'votes/confidence': '4/5'}
18,0,1,{'votes/confidence': '5/6'}
19,0,0,{'votes/confidence': '5/6'}
20,0,1,{'votes/confidence': '4/4'}
21,0,0,{'votes/confidence': '4/5'}
22,0,1,{'votes/confidence': 0.9999285936355591}
23,0,0,{'votes/confidence': '4/5'}
24,0,0,{'votes/confidence': '5/8'}
25,0,0,{'votes/confidence': '6/6'}
26,0,1,{'votes/confidence': '6/7'}
27,0,0,{'votes/confidence': '3/5'}
28,0,0,{'votes/confidence': '1/1'}
29,0,0,{'votes/confidence': '6/6'}
30,0,0,{'votes/confidence': '4/4'}
31,0,1,{'votes/confidence': '4/5'}
32,0,0,{'votes/confidence': '4/6'}
33,0,1,{'votes/confidence': '5/8'}
34,0,0,{'votes/confidence': '6/6'}
35,0,1,{'votes/confidence': '7/8'}
36,0,1,{'votes/confidence': '7/8'}
37,0,0,{'votes/confidence': '7/7'}
38,0,0,{'votes/confidence': '6/8'}
39,0,1,{'votes/confidence': '4/6'}
40,0,0,{'votes/confidence': '3/4'}
41,0,0,{'votes/confidence': '6/7'}
42,0,0,{'votes/confidence': '5/6'}
43,0,0,{'votes/confidence': '3/5'}
44,0,0,{'votes/confidence': '6/6'}
45,0,0,{'votes/confidence': '7/7'}
46,0,1,{'votes/confidence': '5/6'}
47,0,0,{'votes/confidence': '8/8'}
48,0,1,{'votes/confidence': '7/7'}
49,0,1,{'votes/confidence': '3/3'}
50,0,1,{'votes/confidence': '5/5'}
51,0,0,{'votes/confidence': '4/5'}
52,0,1,{'votes/confidence': '5/6'}
53,0,1,{'votes/confidence': 0.9999860525131226}
54,0,0,{'votes/confidence': '6/7'}
55,0,1,{'votes/confidence': '4/6'}
56,0,0,{'votes/confidence': '3/5'}
57,0,0,{'votes/confidence': '5/5'}
58,0,1,{'votes/confidence': 1.0}
59,0,1,{'votes/confidence': '7/7'}
60,0,1,{'votes/confidence': '1/1'}
61,0,0,{'votes/confidence': 0.9999998807907104}
62,0,1,{'votes/confidence': '5/7'}
63,0,0,{'votes/confidence': '6/6'}
64,0,1,{'votes/confidence': '3/5'}
65,0,0,{'votes/confidence': '5/5'}
66,0,0,{'votes/confidence': '6/6'}
67,0,0,{'votes/confidence': '6/6'}
68,0,0,{'votes/confidence': '7/7'}
69,0,0,{'votes/confidence': '6/6'}
70,0,0,{'votes/confidence': '4/5'}
71,0,0,{'votes/confidence': '2/3'}
72,0,0,{'votes/confidence': '5/5'}
73,0,0,{'votes/confidence': '3/4'}
74,0,0,{'votes/confidence': '5/5'}
75,0,1,{'votes/confidence': '4/5'}
76,0,1,{'votes/confidence': '4/6'}
77,0,1,{'votes/confidence': '3/4'}
78,0,1,{'votes/confidence': '5/7'}
79,0,1,{'votes/confidence': 0.9999994039535522}
80,0,0,{'votes/confidence': '6/6'}
81,0,1,{'votes/confidence': '3/5'}
82,0,0,{'votes/confidence': '3/5'}
83,0,0,{'votes/confidence': '3/4'}
84,0,0,{'votes/confidence': '6/6'}
85,0,0,{'votes/confidence': '4/4'}
86,0,1,{'votes/confidence': '3/5'}
87,0,1,{'votes/confidence': '4/6'}
88,0,0,{'votes/confidence': '5/5'}
89,0,0,{'votes/confidence': '6/6'}
90,0,1,{'votes/confidence': '6/7'}
91,0,0,{'votes/confidence': '5/5'}
92,0,0,{'votes/confidence': '9/9'}
93,0,1,{'votes/confidence': '4/5'}
94,0,0,{'votes/confidence': '5/6'}
95,0,0,{'votes/confidence': '6/6'}
96,0,0,{'votes/confidence': '4/4'}
97,0,1,{'votes/confidence': '3/4'}
98,0,0,{'votes/confidence': '6/6'}
99,0,0,{'votes/confidence': '6/6'}
100,0,1,{'votes/confidence': '4/5'}
101,0,1,{'votes/confidence': '5/7'}
102,0,1,{'votes/confidence': 0.9999195337295532}
103,0,0,{'votes/confidence': '4/4'}
104,0,0,{'votes/confidence': '4/4'}
105,0,1,{'votes/confidence': '5/6'}
106,0,0,{'votes/confidence': '5/7'}
107,0,1,{'votes/confidence': '7/8'}
108,0,0,{'votes/confidence': '4/5'}
109,0,0,{'votes/confidence': '4/5'}
110,0,0,{'votes/confidence': '5/5'}
111,0,0,{'votes/confidence': '3/5'}
112,0,1,{'votes/confidence': '3/4'}
113,0,0,{'votes/confidence': '3/3'}
114,0,0,{'votes/confidence': '5/7'}
115,0,1,{'votes/confidence': '5/6'}
116,0,0,{'votes/confidence': '4/4'}
117,0,1,{'votes/confidence': '4/5'}
118,0,0,{'votes/confidence': '4/4'}
119,0,0,{'votes/confidence': 0.9996649026870728}
120,0,0,{'votes/confidence': '4/4'}
121,0,0,{'votes/confidence': '5/7'}
122,0,0,{'votes/confidence': '7/7'}
123,0,1,{'votes/confidence': 0.9999996423721313}
124,0,0,{'votes/confidence': 0.9999995231628418}
125,0,0,{'votes/confidence': '4/5'}
126,0,0,{'votes/confidence': '3/4'}
127,0,0,{'votes/confidence': '3/3'}
128,0,0,{'votes/confidence': '3/4'}
129,0,0,{'votes/confidence': '3/4'}
130,0,1,{'votes/confidence': '3/5'}
131,0,1,{'votes/confidence': '3/5'}
132,0,0,{'votes/confidence': '6/6'}
133,0,0,{'votes/confidence': '5/5'}
134,0,1,{'votes/confidence': '4/6'}
135,0,0,{'votes/confidence': 0.999984860420227}
136,0,0,{'votes/confidence': '5/5'}
137,0,0,{'votes/confidence': '6/6'}
138,0,0,{'votes/confidence': '7/7'}
139,0,1,{'votes/confidence': '7/8'}
140,0,0,{'votes/confidence': '3/5'}
141,0,0,{'votes/confidence': '4/7'}
142,0,0,{'votes/confidence': '3/3'}
143,0,0,{'votes/confidence': '4/7'}
144,0,0,{'votes/confidence': '5/6'}
145,0,0,{'votes/confidence': '5/6'}
146,0,1,{'votes/confidence': 0.9999489784240723}
147,0,1,{'votes/confidence': 0.9999667406082153}
148,0,0,{'votes/confidence': '8/8'}
149,0,0,{'votes/confidence': '4/6'}
150,0,1,{'votes/confidence': '4/6'}
151,0,0,{'votes/confidence': '8/8'}
152,0,0,{'votes/confidence': '4/7'}
153,0,0,{'votes/confidence': '4/4'}
154,0,1,{'votes/confidence': '4/5'}
155,0,0,{'votes/confidence': '4/7'}
156,0,1,{'votes/confidence': '7/7'}
157,0,0,{'votes/confidence': '4/7'}
158,0,1,{'votes/confidence': '4/5'}
159,0,1,{'votes/confidence': '4/6'}
160,0,1,{'votes/confidence': '6/6'}
161,0,0,{'votes/confidence': '6/6'}
162,0,0,{'votes/confidence': '5/5'}
163,0,0,{'votes/confidence': '5/5'}
164,0,0,{'votes/confidence': '3/3'}
165,0,0,{'votes/confidence': '4/4'}
166,0,0,{'votes/confidence': '3/4'}
167,0,0,{'votes/confidence': '5/5'}
168,0,0,{'votes/confidence': '2/3'}
169,0,1,{'votes/confidence': 0.9999490976333618}
170,0,0,{'votes/confidence': '3/5'}
171,0,0,{'votes/confidence': '5/5'}
172,0,0,{'votes/confidence': '6/6'}
173,0,1,{'votes/confidence': '4/5'}
174,0,0,{'votes/confidence': '3/5'}
175,0,0,{'votes/confidence': '4/5'}
176,0,1,{'votes/confidence': '6/6'}
177,0,1,{'votes/confidence': 0.9960200190544128}
178,0,1,{'votes/confidence': '4/6'}
179,0,0,{'votes/confidence': '4/4'}
180,0,0,{'votes/confidence': 0.9999918937683105}
181,0,1,{'votes/confidence': '3/4'}
182,0,0,{'votes/confidence': '7/7'}
183,0,0,{'votes/confidence': '5/8'}
184,0,0,{'votes/confidence': '4/7'}
185,0,1,{'votes/confidence': '3/5'}
186,0,0,{'votes/confidence': '7/7'}
187,0,0,{'votes/confidence': '4/5'}
188,0,1,{'votes/confidence': '5/5'}
189,0,1,{'votes/confidence': '5/6'}
190,0,0,{'votes/confidence': '4/5'}
191,0,0,{'votes/confidence': '6/6'}
192,0,0,{'votes/confidence': 0.999990701675415}
193,0,0,{'votes/confidence': '7/7'}
194,0,1,{'votes/confidence': '7/7'}
195,0,1,{'votes/confidence': '7/8'}
196,0,0,{'votes/confidence': '5/6'}
197,0,1,{'votes/confidence': '3/3'}
198,0,0,{'votes/confidence': '3/5'}
199,0,0,{'votes/confidence': '4/7'}
200,0,0,{'votes/confidence': '6/6'}
201,0,0,{'votes/confidence': '5/5'}
202,0,1,{'votes/confidence': '5/7'}
203,0,1,{'votes/confidence': '4/5'}
204,0,0,{'votes/confidence': '2/3'}
205,0,0,{'votes/confidence': '3/4'}
206,0,1,{'votes/confidence': '5/8'}
207,0,1,{'votes/confidence': '7/8'}
208,0,0,{'votes/confidence': '8/8'}
209,0,0,{'votes/confidence': '7/8'}
210,0,0,{'votes/confidence': '7/7'}
211,0,0,{'votes/confidence': '3/5'}
212,0,0,{'votes/confidence': 0.99998939037323}
213,0,0,{'votes/confidence': '3/5'}
214,0,0,{'votes/confidence': '5/5'}
215,0,0,{'votes/confidence': '3/3'}
216,0,1,{'votes/confidence': '3/5'}
217,0,0,{'votes/confidence': '3/3'}
218,0,0,{'votes/confidence': '3/4'}
219,0,1,{'votes/confidence': '4/5'}
220,0,1,{'votes/confidence': '3/3'}
221,0,1,{'votes/confidence': '2/3'}
222,0,1,{'votes/confidence': '2/2'}
223,0,0,{'votes/confidence': '4/4'}
224,0,1,{'votes/confidence': '1/1'}
225,0,1,{'votes/confidence': '7/8'}
226,0,0,{'votes/confidence': 0.9999979734420776}
227,0,0,{'votes/confidence': '6/6'}
228,0,0,{'votes/confidence': '6/6'}
229,0,0,{'votes/confidence': 0.9999619722366333}
230,0,1,{'votes/confidence': 0.9998530149459839}
231,0,0,{'votes/confidence': '3/5'}
232,0,1,{'votes/confidence': '4/4'}
233,0,0,{'votes/confidence': '3/5'}
234,0,0,{'votes/confidence': 0.9999794960021973}
235,0,0,{'votes/confidence': '3/5'}
236,0,0,{'votes/confidence': '4/4'}
237,0,0,{'votes/confidence': '2/2'}
238,0,0,{'votes/confidence': '1/1'}
239,0,1,{'votes/confidence': 0.9999995231628418}
240,0,1,{'votes/confidence': '2/3'}
241,0,0,{'votes/confidence': '3/3'}
242,0,1,{'votes/confidence': 0.9995585083961487}
243,0,1,{'votes/confidence': 0.9998825788497925}
244,0,0,{'votes/confidence': '6/6'}
245,0,0,{'votes/confidence': '4/4'}
246,0,0,{'votes/confidence': '5/5'}
247,0,0,{'votes/confidence': '3/5'}
248,0,0,{'votes/confidence': '3/5'}
249,0,0,{'votes/confidence': 0.999841570854187}
250,0,1,{'votes/confidence': '3/5'}
251,0,1,{'votes/confidence': '2/3'}
252,0,0,{'votes/confidence': '4/5'}
253,0,0,{'votes/confidence': '4/6'}
254,0,0,{'votes/confidence': '4/7'}
255,0,0,{'votes/confidence': '4/5'}
256,0,1,{'votes/confidence': '4/5'}
257,0,0,{'votes/confidence': 0.9860460162162781}
258,0,1,{'votes/confidence': '4/5'}
259,0,1,{'votes/confidence': '5/5'}
260,0,0,{'votes/confidence': '6/6'}
261,0,0,{'votes/confidence': '6/6'}
262,0,1,{'votes/confidence': '3/4'}
263,0,1,{'votes/confidence': '3/5'}
264,0,0,{'votes/confidence': '4/4'}
265,0,1,{'votes/confidence': '4/4'}
266,0,0,{'votes/confidence': '6/6'}
267,0,1,{'votes/confidence': '4/5'}
268,0,0,{'votes/confidence': '5/5'}
269,0,1,{'votes/confidence': '4/5'}
270,0,0,{'votes/confidence': '3/3'}
271,0,1,{'votes/confidence': '5/6'}
272,0,1,{'votes/confidence': '5/7'}
273,0,0,{'votes/confidence': '4/6'}
274,0,1,{'votes/confidence': '2/3'}
275,0,1,{'votes/confidence': '3/3'}
276,0,1,{'votes/confidence': '5/6'}
277,0,1,{'votes/confidence': '1/1'}
278,0,1,{'votes/confidence': '4/5'}
279,0,1,{'votes/confidence': '3/5'}
280,0,1,{'votes/confidence': '2/3'}
281,0,1,{'votes/confidence': '4/5'}
282,0,0,{'votes/confidence': '3/4'}
283,0,0,{'votes/confidence': '2/3'}
284,0,1,{'votes/confidence': '3/5'}
285,0,1,{'votes/confidence': '3/5'}
286,0,0,{'votes/confidence': 0.9999802112579346}
287,0,0,{'votes/confidence': '3/3'}
288,0,1,{'votes/confidence': 0.9994449019432068}
289,0,1,{'votes/confidence': '3/3'}
290,0,1,{'votes/confidence': '5/5'}
291,0,1,{'votes/confidence': 1.0}
292,0,0,{'votes/confidence': '3/5'}
293,0,0,{'votes/confidence': '4/4'}
294,0,1,{'votes/confidence': '4/5'}
295,0,1,{'votes/confidence': '2/3'}
296,0,0,{'votes/confidence': '6/6'}
297,0,1,{'votes/confidence': '3/3'}
298,0,1,{'votes/confidence': '4/5'}
299,0,0,{'votes/confidence': '6/6'}
300,0,0,{'votes/confidence': '4/6'}
301,0,1,{'votes/confidence': '4/5'}
302,0,0,{'votes/confidence': 0.9999995231628418}
303,0,1,{'votes/confidence': '6/7'}
304,0,0,{'votes/confidence': '4/7'}
305,0,1,{'votes/confidence': '3/5'}
306,0,1,{'votes/confidence': '4/5'}
307,0,0,{'votes/confidence': '4/5'}
308,0,0,{'votes/confidence': '3/4'}
309,0,0,{'votes/confidence': '5/5'}
310,0,0,{'votes/confidence': '4/5'}
311,0,0,{'votes/confidence': '4/4'}
312,0,0,{'votes/confidence': '6/6'}
313,0,0,{'votes/confidence': '7/7'}
314,0,0,{'votes/confidence': '7/9'}
315,0,1,{'votes/confidence': '5/5'}
316,0,0,{'votes/confidence': '3/3'}
317,0,0,{'votes/confidence': '4/7'}
318,0,1,{'votes/confidence': '3/5'}
319,0,0,{'votes/confidence': '4/4'}
320,0,0,{'votes/confidence': 0.9998490810394287}
321,0,0,{'votes/confidence': '5/5'}
322,0,1,{'votes/confidence': '4/5'}
323,0,0,{'votes/confidence': '3/3'}
324,0,0,{'votes/confidence': '6/6'}
325,0,0,{'votes/confidence': '4/4'}
326,0,1,{'votes/confidence': '3/5'}
327,0,1,{'votes/confidence': '5/5'}
328,0,1,{'votes/confidence': '3/5'}
329,0,0,{'votes/confidence': '5/6'}
330,0,1,{'votes/confidence': '3/4'}
331,0,0,{'votes/confidence': '5/5'}
332,0,1,{'votes/confidence': 0.9999699592590332}
333,0,0,{'votes/confidence': '6/7'}
334,0,0,{'votes/confidence': '4/5'}
335,0,1,{'votes/confidence': '5/7'}
336,0,0,{'votes/confidence': '6/6'}
337,0,1,{'votes/confidence': '5/5'}
338,0,1,{'votes/confidence': '3/3'}
339,0,1,{'votes/confidence': '5/5'}
340,0,0,{'votes/confidence': '4/4'}
341,0,1,{'votes/confidence': '3/5'}
342,0,0,{'votes/confidence': '4/4'}
343,0,0,{'votes/confidence': '5/5'}
344,0,1,{'votes/confidence': '3/5'}
345,0,0,{'votes/confidence': '3/3'}
346,0,0,{'votes/confidence': '4/6'}
347,0,1,{'votes/confidence': '4/4'}
348,0,1,{'votes/confidence': '4/6'}
349,0,0,{'votes/confidence': '4/6'}
350,0,1,{'votes/confidence': '4/6'}
351,0,1,{'votes/confidence': 0.9999750852584839}
352,0,1,{'votes/confidence': '6/6'}
353,0,0,{'votes/confidence': '5/5'}
354,0,1,{'votes/confidence': '6/8'}
355,0,0,{'votes/confidence': '6/7'}
356,0,1,{'votes/confidence': '4/6'}
357,0,0,{'votes/confidence': '5/6'}
358,0,1,{'votes/confidence': '3/4'}
359,0,0,{'votes/confidence': '6/8'}
360,0,0,{'votes/confidence': '4/4'}
361,0,1,{'votes/confidence': '5/6'}
362,0,0,{'votes/confidence': '7/7'}
363,0,0,{'votes/confidence': '3/5'}
364,0,0,{'votes/confidence': '5/7'}
365,0,0,{'votes/confidence': '5/5'}
366,0,1,{'votes/confidence': '5/6'}
367,0,1,{'votes/confidence': 0.999987006187439}
368,0,1,{'votes/confidence': '5/6'}
369,0,1,{'votes/confidence': '4/4'}
370,0,0,{'votes/confidence': '4/5'}
371,0,1,{'votes/confidence': '3/4'}
372,0,1,{'votes/confidence': '6/6'}
373,0,0,{'votes/confidence': 0.9999579191207886}
374,0,0,{'votes/confidence': '3/3'}
375,0,0,{'votes/confidence': '5/5'}
376,0,0,{'votes/confidence': '4/4'}
377,0,0,{'votes/confidence': '4/5'}
378,0,0,{'votes/confidence': '5/6'}
379,0,1,{'votes/confidence': '4/6'}
380,0,0,{'votes/confidence': '5/5'}
381,0,1,{'votes/confidence': '5/6'}
382,0,0,{'votes/confidence': '3/5'}
383,0,0,{'votes/confidence': '4/6'}
384,0,1,{'votes/confidence': '3/3'}
385,0,0,{'votes/confidence': '5/7'}
386,0,0,{'votes/confidence': '3/5'}
387,0,0,{'votes/confidence': '4/5'}
388,0,0,{'votes/confidence': 0.9999998807907104}
389,0,1,{'votes/confidence': '4/6'}
390,0,0,{'votes/confidence': 0.9999890327453613}
391,0,0,{'votes/confidence': '5/5'}
392,0,0,{'votes/confidence': '5/5'}
393,0,0,{'votes/confidence': '4/7'}
394,0,0,{'votes/confidence': '4/4'}
395,0,0,{'votes/confidence': '3/4'}
396,0,0,{'votes/confidence': 0.8711929321289062}
397,0,1,{'votes/confidence': '6/6'}
398,0,1,{'votes/confidence': '4/6'}
399,0,1,{'votes/confidence': '3/5'}
400,0,0,{'votes/confidence': 1.0}
401,0,1,{'votes/confidence': '4/5'}
402,0,0,{'votes/confidence': '4/4'}
403,0,0,{'votes/confidence': '4/4'}
404,0,1,{'votes/confidence': '4/4'}
405,0,1,{'votes/confidence': '3/5'}
406,0,0,{'votes/confidence': '3/4'}
407,0,0,{'votes/confidence': '5/5'}
408,0,1,{'votes/confidence': '5/6'}
409,0,0,{'votes/confidence': '5/5'}
410,0,1,{'votes/confidence': '4/4'}
411,0,1,{'votes/confidence': '5/6'}
412,0,1,{'votes/confidence': '7/8'}
413,0,1,{'votes/confidence': '3/4'}
414,0,0,{'votes/confidence': '3/5'}
415,0,0,{'votes/confidence': '3/3'}
416,0,0,{'votes/confidence': '4/5'}
417,0,0,{'votes/confidence': '5/6'}
418,0,0,{'votes/confidence': '6/6'}
419,0,1,{'votes/confidence': '5/6'}
420,0,1,{'votes/confidence': '3/5'}
421,0,1,{'votes/confidence': '6/7'}
422,0,1,{'votes/confidence': '5/6'}
423,0,0,{'votes/confidence': 0.9841513633728027}
424,0,0,{'votes/confidence': '4/6'}
425,0,0,{'votes/confidence': '5/5'}
426,0,1,{'votes/confidence': '2/3'}
427,0,0,{'votes/confidence': '5/5'}
428,0,0,{'votes/confidence': '6/6'}
429,0,0,{'votes/confidence': '5/5'}
430,0,0,{'votes/confidence': '4/4'}
431,0,0,{'votes/confidence': '3/3'}
432,0,1,{'votes/confidence': '5/6'}
433,0,1,{'votes/confidence': '4/5'}
434,0,0,{'votes/confidence': '5/6'}
435,0,0,{'votes/confidence': '4/4'}
436,0,1,{'votes/confidence': '3/5'}
437,0,1,{'votes/confidence': '4/6'}
438,0,0,{'votes/confidence': '6/6'}
439,0,0,{'votes/confidence': '7/7'}
440,0,0,{'votes/confidence': '3/5'}
441,0,1,{'votes/confidence': '3/5'}
442,0,0,{'votes/confidence': '4/4'}
443,0,1,{'votes/confidence': '4/6'}
444,0,1,{'votes/confidence': '4/4'}
445,0,1,{'votes/confidence': '3/3'}
446,0,0,{'votes/confidence': '5/5'}
447,0,0,{'votes/confidence': '5/6'}
448,0,1,{'votes/confidence': '4/5'}
449,0,1,{'votes/confidence': '4/6'}
450,0,0,{'votes/confidence': '4/7'}
451,0,1,{'votes/confidence': '2/3'}
452,0,1,{'votes/confidence': '6/7'}
453,0,0,{'votes/confidence': '8/8'}
454,0,0,{'votes/confidence': '8/8'}
455,0,1,{'votes/confidence': '5/7'}
456,0,1,{'votes/confidence': '4/7'}
457,0,1,{'votes/confidence': '3/4'}
458,0,0,{'votes/confidence': '3/3'}
459,0,0,{'votes/confidence': '3/3'}
460,0,0,{'votes/confidence': '3/4'}
461,0,1,{'votes/confidence': '4/6'}
462,0,0,{'votes/confidence': '2/2'}
463,0,0,{'votes/confidence': '6/7'}
464,0,0,{'votes/confidence': '4/4'}
465,0,1,{'votes/confidence': '3/5'}
466,0,0,{'votes/confidence': '3/5'}
467,0,0,{'votes/confidence': '4/6'}
468,0,0,{'votes/confidence': '5/6'}
469,0,0,{'votes/confidence': '5/5'}
470,0,0,{'votes/confidence': '5/5'}
471,0,1,{'votes/confidence': '4/5'}
472,0,1,{'votes/confidence': '3/5'}
473,0,0,{'votes/confidence': '5/5'}
474,0,1,{'votes/confidence': '3/5'}
475,0,1,{'votes/confidence': '3/3'}
476,0,1,{'votes/confidence': '3/4'}
477,0,0,{'votes/confidence': '3/5'}
478,0,0,{'votes/confidence': '3/5'}
479,0,1,{'votes/confidence': '6/6'}
480,0,1,{'votes/confidence': '3/4'}
481,0,0,{'votes/confidence': '4/5'}
482,0,1,{'votes/confidence': '3/4'}
483,0,1,{'votes/confidence': '6/6'}
484,0,1,{'votes/confidence': '4/4'}
485,0,1,{'votes/confidence': '6/6'}
486,0,1,{'votes/confidence': '3/4'}
487,0,1,{'votes/confidence': '5/8'}
488,0,1,{'votes/confidence': '3/5'}
489,0,1,{'votes/confidence': '3/5'}
490,0,1,{'votes/confidence': '3/4'}
491,0,0,{'votes/confidence': '5/5'}
492,0,1,{'votes/confidence': '5/7'}
493,0,1,{'votes/confidence': '3/5'}
494,0,0,{'votes/confidence': '5/6'}
495,0,1,{'votes/confidence': '3/5'}
496,0,0,{'votes/confidence': 0.9999997615814209}
497,0,0,{'votes/confidence': '4/4'}
498,0,1,{'votes/confidence': '5/6'}
499,0,1,{'votes/confidence': '4/6'}
500,0,0,{'votes/confidence': '6/6'}
501,0,0,{'votes/confidence': 0.9998922348022461}
502,0,0,{'votes/confidence': '4/4'}
503,0,0,{'votes/confidence': 0.9995519518852234}
504,0,0,{'votes/confidence': '3/5'}
505,0,0,{'votes/confidence': '3/4'}
506,0,0,{'votes/confidence': '4/5'}
507,0,0,{'votes/confidence': '4/4'}
508,0,1,{'votes/confidence': '4/5'}
509,0,1,{'votes/confidence': '3/5'}
510,0,1,{'votes/confidence': '3/4'}
511,0,0,{'votes/confidence': '6/6'}
512,0,1,{'votes/confidence': 0.9999052286148071}
513,0,1,{'votes/confidence': '4/4'}
514,0,0,{'votes/confidence': '3/5'}
515,0,0,{'votes/confidence': '4/6'}
516,0,1,{'votes/confidence': '5/5'}
517,0,1,{'votes/confidence': '5/5'}
518,0,1,{'votes/confidence': '3/3'}
519,0,1,{'votes/confidence': '6/6'}
520,0,1,{'votes/confidence': '4/6'}
521,0,0,{'votes/confidence': '1/1'}
522,0,1,{'votes/confidence': '4/5'}
523,0,1,{'votes/confidence': '3/5'}
524,0,0,{'votes/confidence': '3/4'}
525,0,0,{'votes/confidence': '5/5'}
526,0,1,{'votes/confidence': '4/7'}
527,0,1,{'votes/confidence': '5/7'}
528,0,0,{'votes/confidence': '7/7'}
529,0,0,{'votes/confidence': '3/5'}
530,0,0,{'votes/confidence': '5/7'}
531,0,0,{'votes/confidence': '7/7'}
532,0,1,{'votes/confidence': '7/8'}
533,0,0,{'votes/confidence': '5/5'}
534,0,0,{'votes/confidence': '6/6'}
535,0,0,{'votes/confidence': '2/2'}
536,0,0,{'votes/confidence': '4/4'}
537,0,0,{'votes/confidence': '5/5'}
538,0,0,{'votes/confidence': '6/7'}
539,0,1,{'votes/confidence': '4/5'}
540,0,0,{'votes/confidence': '3/3'}
541,0,0,{'votes/confidence': '4/4'}
542,0,1,{'votes/confidence': '5/6'}
543,0,1,{'votes/confidence': '4/5'}
544,0,0,{'votes/confidence': '4/4'}
545,0,1,{'votes/confidence': '6/6'}
546,0,1,{'votes/confidence': '4/5'}
547,0,1,{'votes/confidence': '3/3'}
548,0,1,{'votes/confidence': '6/6'}
549,0,1,{'votes/confidence': '4/4'}
550,0,0,{'votes/confidence': '3/3'}
551,0,1,{'votes/confidence': '4/4'}
552,0,0,{'votes/confidence': '5/5'}
553,0,1,{'votes/confidence': 0.999996542930603}
554,0,1,{'votes/confidence': '4/5'}
555,0,0,{'votes/confidence': '6/6'}
556,0,1,{'votes/confidence': '6/7'}
557,0,1,{'votes/confidence': '5/6'}
558,0,1,{'votes/confidence': '5/6'}
559,0,0,{'votes/confidence': 1.0}
560,0,1,{'votes/confidence': '3/5'}
561,0,1,{'votes/confidence': '3/4'}
562,0,1,{'votes/confidence': '5/6'}
563,0,1,{'votes/confidence': '5/6'}
564,0,1,{'votes/confidence': '3/5'}
565,0,0,{'votes/confidence': '6/6'}
566,0,1,{'votes/confidence': '3/5'}
567,0,1,{'votes/confidence': '3/4'}
568,0,0,{'votes/confidence': '1/1'}
569,0,1,{'votes/confidence': '5/5'}
570,0,1,{'votes/confidence': '3/5'}
571,0,0,{'votes/confidence': '3/5'}
572,0,0,{'votes/confidence': '5/5'}
573,0,1,{'votes/confidence': '4/5'}
574,0,1,{'votes/confidence': '5/5'}
575,0,0,{'votes/confidence': '5/5'}
576,0,0,{'votes/confidence': '4/5'}
577,0,0,{'votes/confidence': '3/4'}
578,0,0,{'votes/confidence': '5/7'}
579,0,0,{'votes/confidence': '5/5'}
580,0,1,{'votes/confidence': '3/5'}
581,0,0,{'votes/confidence': '5/5'}
582,0,1,{'votes/confidence': '6/7'}
583,0,1,{'votes/confidence': '5/7'}
584,0,0,{'votes/confidence': '3/4'}
585,0,1,{'votes/confidence': '4/6'}
586,0,0,{'votes/confidence': '4/6'}
587,0,1,{'votes/confidence': '4/6'}
588,0,1,{'votes/confidence': '4/6'}
589,0,1,{'votes/confidence': '4/4'}
590,0,0,{'votes/confidence': '3/3'}
591,0,1,{'votes/confidence': '5/5'}
592,0,1,{'votes/confidence': '3/5'}
593,0,1,{'votes/confidence': '4/4'}
594,0,0,{'votes/confidence': 0.9996979236602783}
595,0,1,{'votes/confidence': '5/5'}
596,0,1,{'votes/confidence': '4/6'}
597,0,0,{'votes/confidence': '4/4'}
598,0,0,{'votes/confidence': '5/6'}
599,0,1,{'votes/confidence': '4/6'}
600,0,0,{'votes/confidence': '3/4'}
601,0,1,{'votes/confidence': '4/5'}
602,0,0,{'votes/confidence': '3/5'}
603,0,0,{'votes/confidence': 0.9990279674530029}
604,0,0,{'votes/confidence': '7/9'}
605,0,0,{'votes/confidence': '6/7'}
606,0,0,{'votes/confidence': '4/5'}
607,0,0,{'votes/confidence': '4/5'}
608,0,1,{'votes/confidence': '6/6'}
609,0,1,{'votes/confidence': 0.9999399185180664}
610,0,0,{'votes/confidence': '5/6'}
611,0,1,{'votes/confidence': 0.9999485015869141}
612,0,1,{'votes/confidence': '4/6'}
613,0,0,{'votes/confidence': '6/6'}
614,0,0,{'votes/confidence': 1.0}
615,0,0,{'votes/confidence': '6/6'}
616,0,1,{'votes/confidence': '6/7'}
617,0,0,{'votes/confidence': '6/6'}
618,0,0,{'votes/confidence': '3/3'}
619,0,1,{'votes/confidence': '4/5'}
620,0,0,{'votes/confidence': '5/5'}
621,0,0,{'votes/confidence': '2/3'}
622,0,1,{'votes/confidence': '5/6'}
623,0,1,{'votes/confidence': '6/7'}
624,0,0,{'votes/confidence': '4/6'}
625,0,0,{'votes/confidence': '4/6'}
626,0,1,{'votes/confidence': '4/5'}
627,0,1,{'votes/confidence': '4/6'}
628,0,0,{'votes/confidence': '7/7'}
629,0,0,{'votes/confidence': '4/6'}
630,0,0,{'votes/confidence': 0.9999814033508301}
631,0,1,{'votes/confidence': '4/6'}
632,0,0,{'votes/confidence': '6/6'}
633,0,0,{'votes/confidence': 0.7099354267120361}
634,0,0,{'votes/confidence': '4/5'}
635,0,0,{'votes/confidence': '3/4'}
636,0,0,{'votes/confidence': '6/7'}
637,0,0,{'votes/confidence': '6/8'}
638,0,1,{'votes/confidence': '2/3'}
639,0,1,{'votes/confidence': '3/3'}
640,0,0,{'votes/confidence': '2/3'}
641,0,1,{'votes/confidence': '3/4'}
642,0,0,{'votes/confidence': '2/3'}
643,0,1,{'votes/confidence': '3/4'}
644,0,1,{'votes/confidence': 0.9999839067459106}
645,0,0,{'votes/confidence': '2/3'}
646,0,1,{'votes/confidence': '5/7'}
647,0,0,{'votes/confidence': '7/7'}
648,0,0,{'votes/confidence': '1/1'}
649,0,0,{'votes/confidence': '3/5'}
650,0,1,{'votes/confidence': '4/6'}
651,0,0,{'votes/confidence': '5/6'}
652,0,0,{'votes/confidence': '5/5'}
653,0,1,{'votes/confidence': 0.9999998807907104}
654,0,1,{'votes/confidence': '3/5'}
655,0,0,{'votes/confidence': '3/5'}
656,0,1,{'votes/confidence': '5/5'}
657,0,1,{'votes/confidence': '3/4'}
658,0,0,{'votes/confidence': '3/4'}
659,0,1,{'votes/confidence': '3/5'}
660,0,1,{'votes/confidence': '3/5'}
661,0,1,{'votes/confidence': '3/3'}
662,0,0,{'votes/confidence': '5/6'}
663,0,1,{'votes/confidence': '4/5'}
664,0,1,{'votes/confidence': '3/4'}
665,0,0,{'votes/confidence': '5/6'}
666,0,1,{'votes/confidence': '5/6'}
667,0,1,{'votes/confidence': 1.0}
668,0,1,{'votes/confidence': '3/4'}
669,0,1,{'votes/confidence': '5/6'}
670,0,0,{'votes/confidence': '3/3'}
671,0,0,{'votes/confidence': '3/3'}
672,0,0,{'votes/confidence': '4/4'}
673,0,1,{'votes/confidence': '4/4'}
674,0,0,{'votes/confidence': '2/3'}
675,0,0,{'votes/confidence': '2/3'}
676,0,0,{'votes/confidence': '3/5'}
677,0,0,{'votes/confidence': '1/1'}
678,0,0,{'votes/confidence': 0.9981831908226013}
679,0,1,{'votes/confidence': '4/4'}
680,0,0,{'votes/confidence': '2/3'}
681,0,0,{'votes/confidence': '2/3'}
682,0,0,{'votes/confidence': '3/3'}
683,0,0,{'votes/confidence': '4/4'}
684,0,0,{'votes/confidence': '5/5'}
685,0,0,{'votes/confidence': '3/3'}
686,0,1,{'votes/confidence': '6/6'}
687,0,1,{'votes/confidence': '3/5'}
688,0,0,{'votes/confidence': '4/7'}
689,0,1,{'votes/confidence': '2/2'}
690,0,0,{'votes/confidence': '4/5'}
691,0,0,{'votes/confidence': '3/5'}
692,0,1,{'votes/confidence': '1/1'}
693,0,0,{'votes/confidence': '3/3'}
694,0,0,{'votes/confidence': '3/3'}
695,0,0,{'votes/confidence': '5/5'}
696,0,1,{'votes/confidence': '1/1'}
697,0,1,{'votes/confidence': 0.9998447895050049}
698,0,0,{'votes/confidence': '6/6'}
699,0,0,{'votes/confidence': 0.997577965259552}
700,0,0,{'votes/confidence': 0.999997615814209}
701,0,0,{'votes/confidence': '6/6'}
702,0,0,{'votes/confidence': '2/2'}
703,0,0,{'votes/confidence': '3/4'}
704,0,0,{'votes/confidence': '3/4'}
705,0,0,{'votes/confidence': '2/3'}
706,0,0,{'votes/confidence': '5/7'}
707,0,0,{'votes/confidence': '3/5'}
708,0,0,{'votes/confidence': '7/8'}
709,0,0,{'votes/confidence': '4/7'}
710,0,0,{'votes/confidence': '6/6'}
711,0,0,{'votes/confidence': '4/4'}
712,0,1,{'votes/confidence': 0.9999966621398926}
713,0,1,{'votes/confidence': '4/6'}
714,0,1,{'votes/confidence': '3/3'}
715,0,0,{'votes/confidence': '4/5'}
716,0,1,{'votes/confidence': '3/5'}
717,0,1,{'votes/confidence': 1.0}
718,0,1,{'votes/confidence': '3/5'}
719,0,1,{'votes/confidence': '4/5'}
720,0,0,{'votes/confidence': '4/5'}
721,0,1,{'votes/confidence': '4/6'}
722,0,0,{'votes/confidence': '4/7'}
723,0,0,{'votes/confidence': '5/5'}
724,0,0,{'votes/confidence': 0.9891421794891357}
725,0,1,{'votes/confidence': '5/6'}
726,0,0,{'votes/confidence': '4/5'}
727,0,1,{'votes/confidence': '4/6'}
728,0,0,{'votes/confidence': '4/5'}
729,0,1,{'votes/confidence': '4/7'}
730,0,1,{'votes/confidence': '4/6'}
731,0,0,{'votes/confidence': '6/7'}
732,0,0,{'votes/confidence': '4/6'}
733,0,1,{'votes/confidence': '2/2'}
734,0,1,{'votes/confidence': '4/6'}
735,0,0,{'votes/confidence': '3/5'}
736,0,1,{'votes/confidence': '4/5'}
737,0,0,{'votes/confidence': '4/6'}
738,0,0,{'votes/confidence': '3/5'}
739,0,0,{'votes/confidence': '4/6'}
740,0,1,{'votes/confidence': '2/3'}
741,0,1,{'votes/confidence': '3/4'}
742,0,0,{'votes/confidence': '6/6'}
743,0,0,{'votes/confidence': '6/6'}
744,0,1,{'votes/confidence': '3/4'}
745,0,0,{'votes/confidence': '2/3'}
746,0,0,{'votes/confidence': 1.0}
747,0,0,{'votes/confidence': '4/6'}
748,0,0,{'votes/confidence': '3/4'}
749,0,0,{'votes/confidence': '5/6'}
750,0,0,{'votes/confidence': '4/4'}
751,0,0,{'votes/confidence': '5/5'}
752,0,1,{'votes/confidence': '7/8'}
753,0,1,{'votes/confidence': '5/6'}
754,0,0,{'votes/confidence': '5/6'}
755,0,1,{'votes/confidence': '3/4'}
756,0,0,{'votes/confidence': '4/6'}
757,0,1,{'votes/confidence': '3/4'}
758,0,1,{'votes/confidence': '5/5'}
759,0,0,{'votes/confidence': 0.999678373336792}
760,0,0,{'votes/confidence': '4/4'}
761,0,1,{'votes/confidence': '5/5'}
762,0,1,{'votes/confidence': '3/4'}
763,0,1,{'votes/confidence': '4/4'}
764,0,1,{'votes/confidence': '3/5'}
765,0,1,{'votes/confidence': '4/5'}
766,0,0,{'votes/confidence': '4/4'}
767,0,0,{'votes/confidence': '4/4'}
768,0,0,{'votes/confidence': '4/6'}
769,0,1,{'votes/confidence': '3/5'}
770,0,1,{'votes/confidence': '5/5'}
771,0,0,{'votes/confidence': '4/6'}
772,0,1,{'votes/confidence': '4/5'}
773,0,1,{'votes/confidence': '4/6'}
774,0,1,{'votes/confidence': '6/6'}
775,0,1,{'votes/confidence': '4/6'}
776,0,1,{'votes/confidence': '6/6'}
777,0,1,{'votes/confidence': '5/5'}
778,0,1,{'votes/confidence': '5/5'}
779,0,1,{'votes/confidence': '5/6'}
780,0,0,{'votes/confidence': '5/7'}
781,0,1,{'votes/confidence': '6/7'}
782,0,1,{'votes/confidence': '7/8'}
783,0,0,{'votes/confidence': '6/7'}
784,0,0,{'votes/confidence': '3/5'}
785,0,1,{'votes/confidence': '3/5'}
786,0,0,{'votes/confidence': 0.9999971389770508}
787,0,0,{'votes/confidence': '4/4'}
788,0,0,{'votes/confidence': '3/5'}
789,0,1,{'votes/confidence': '4/5'}
790,0,1,{'votes/confidence': '3/5'}
791,0,1,{'votes/confidence': '5/5'}
792,0,0,{'votes/confidence': '3/4'}
793,0,1,{'votes/confidence': 0.9884312152862549}
794,0,1,{'votes/confidence': '4/4'}
795,0,0,{'votes/confidence': '3/4'}
796,0,0,{'votes/confidence': '3/4'}
797,0,1,{'votes/confidence': '4/4'}
798,0,1,{'votes/confidence': '4/5'}
799,0,1,{'votes/confidence': '3/3'}
800,0,0,{'votes/confidence': '6/6'}
801,0,1,{'votes/confidence': '5/6'}
802,0,0,{'votes/confidence': '4/4'}
803,0,0,{'votes/confidence': '2/3'}
804,0,1,{'votes/confidence': '3/5'}
805,0,0,{'votes/confidence': '6/6'}
806,0,0,{'votes/confidence': '6/6'}
807,0,0,{'votes/confidence': '3/5'}
808,0,1,{'votes/confidence': '5/7'}
809,0,0,{'votes/confidence': '3/5'}
810,0,0,{'votes/confidence': '2/2'}
811,0,0,{'votes/confidence': '3/5'}
812,0,0,{'votes/confidence': '3/5'}
813,0,1,{'votes/confidence': '4/4'}
814,0,1,{'votes/confidence': '3/4'}
815,0,1,{'votes/confidence': 1.0}
816,0,1,{'votes/confidence': '5/7'}
817,0,1,{'votes/confidence': '3/4'}
818,0,0,{'votes/confidence': '5/6'}
819,0,0,{'votes/confidence': '4/4'}
820,0,0,{'votes/confidence': '4/4'}
821,0,0,{'votes/confidence': '5/5'}
822,0,1,{'votes/confidence': '3/5'}
823,0,0,{'votes/confidence': 0.9999496936798096}
824,0,1,{'votes/confidence': '5/6'}
825,0,0,{'votes/confidence': '4/6'}
826,0,0,{'votes/confidence': '4/4'}
827,0,0,{'votes/confidence': '5/5'}
828,0,1,{'votes/confidence': '6/7'}
829,0,1,{'votes/confidence': '5/6'}
830,0,0,{'votes/confidence': 1.0}
831,0,0,{'votes/confidence': '6/6'}
832,0,0,{'votes/confidence': 0.9999984502792358}
833,0,1,{'votes/confidence': '2/2'}
834,0,0,{'votes/confidence': '5/7'}
835,0,1,{'votes/confidence': '4/5'}
836,0,0,{'votes/confidence': '4/5'}
837,0,0,{'votes/confidence': '4/5'}
838,0,1,{'votes/confidence': '5/6'}
839,0,1,{'votes/confidence': '5/7'}
840,0,0,{'votes/confidence': '5/6'}
841,0,0,{'votes/confidence': '4/6'}
842,0,0,{'votes/confidence': '4/6'}
843,0,0,{'votes/confidence': '5/6'}
844,0,0,{'votes/confidence': '5/5'}
845,0,1,{'votes/confidence': '3/4'}
846,0,0,{'votes/confidence': '3/4'}
847,0,1,{'votes/confidence': '6/7'}
848,0,0,{'votes/confidence': '5/6'}
849,0,0,{'votes/confidence': '4/4'}
850,0,0,{'votes/confidence': '4/4'}
851,0,0,{'votes/confidence': '3/4'}
852,0,0,{'votes/confidence': '4/5'}
853,0,0,{'votes/confidence': '4/6'}
854,0,0,{'votes/confidence': '5/5'}
855,0,1,{'votes/confidence': '4/5'}
856,0,0,{'votes/confidence': '3/4'}
857,0,1,{'votes/confidence': '3/4'}
858,0,1,{'votes/confidence': '4/6'}
859,0,0,{'votes/confidence': '3/4'}
860,0,1,{'votes/confidence': '5/7'}
861,0,0,{'votes/confidence': '3/4'}
862,0,0,{'votes/confidence': '4/5'}
863,0,1,{'votes/confidence': '4/4'}
864,0,1,{'votes/confidence': 0.9999827146530151}
865,0,0,{'votes/confidence': '4/5'}
866,0,1,{'votes/confidence': '5/5'}
867,0,1,{'votes/confidence': '3/5'}
868,0,0,{'votes/confidence': 0.9996782541275024}
869,0,1,{'votes/confidence': '3/5'}
870,0,0,{'votes/confidence': '4/6'}
871,0,0,{'votes/confidence': 0.9971842169761658}
872,0,1,{'votes/confidence': '4/7'}
873,0,1,{'votes/confidence': '4/7'}
874,0,0,{'votes/confidence': '4/7'}
875,0,0,{'votes/confidence': '4/5'}
876,0,0,{'votes/confidence': '3/5'}
877,0,1,{'votes/confidence': '3/5'}
878,0,1,{'votes/confidence': '2/3'}
879,0,0,{'votes/confidence': '5/7'}
880,0,1,{'votes/confidence': '3/4'}
881,0,1,{'votes/confidence': '4/5'}
882,0,0,{'votes/confidence': '5/5'}
883,0,1,{'votes/confidence': '1/1'}
884,0,0,{'votes/confidence': '5/5'}
885,0,1,{'votes/confidence': '3/4'}
886,0,0,{'votes/confidence': '5/5'}
887,0,0,{'votes/confidence': '6/7'}
888,0,1,{'votes/confidence': '5/5'}
889,0,0,{'votes/confidence': '5/8'}
890,0,0,{'votes/confidence': '6/9'}
891,0,0,{'votes/confidence': '5/6'}
892,0,1,{'votes/confidence': '3/4'}
893,0,0,{'votes/confidence': '3/4'}
894,0,1,{'votes/confidence': 0.9999990463256836}
895,0,1,{'votes/confidence': '4/6'}
896,0,1,{'votes/confidence': '4/5'}
897,0,0,{'votes/confidence': '3/4'}
898,0,0,{'votes/confidence': '5/5'}
899,0,1,{'votes/confidence': '4/6'}
900,0,1,{'votes/confidence': '4/6'}
901,0,0,{'votes/confidence': '5/6'}
902,0,1,{'votes/confidence': '3/4'}
903,0,1,{'votes/confidence': '4/5'}
904,0,0,{'votes/confidence': '4/6'}
905,0,1,{'votes/confidence': '3/5'}
906,0,1,{'votes/confidence': '5/5'}
907,0,0,{'votes/confidence': '4/4'}
908,0,0,{'votes/confidence': '4/4'}
909,0,0,{'votes/confidence': '5/5'}
910,0,0,{'votes/confidence': '4/4'}
911,0,0,{'votes/confidence': '3/4'}
912,0,0,{'votes/confidence': '5/5'}
913,0,1,{'votes/confidence': '4/5'}
914,0,1,{'votes/confidence': '4/4'}
915,0,1,{'votes/confidence': '3/4'}
916,0,0,{'votes/confidence': '3/5'}
917,0,0,{'votes/confidence': '6/6'}
918,0,0,{'votes/confidence': '2/3'}
919,0,0,{'votes/confidence': '5/5'}
920,0,0,{'votes/confidence': '3/4'}
921,0,0,{'votes/confidence': '5/5'}
922,0,1,{'votes/confidence': '3/4'}
923,0,0,{'votes/confidence': '4/4'}
924,0,0,{'votes/confidence': '4/4'}
925,0,0,{'votes/confidence': '4/4'}
926,0,0,{'votes/confidence': '2/2'}
927,0,1,{'votes/confidence': '5/6'}
928,0,0,{'votes/confidence': '3/4'}
929,0,1,{'votes/confidence': '4/4'}
930,0,0,{'votes/confidence': '5/7'}
931,0,1,{'votes/confidence': '3/5'}
932,0,0,{'votes/confidence': '3/5'}
933,0,0,{'votes/confidence': 1.0}
934,0,1,{'votes/confidence': '4/4'}
935,0,1,{'votes/confidence': '2/3'}
936,0,1,{'votes/confidence': '3/3'}
937,0,0,{'votes/confidence': '4/4'}
938,0,1,{'votes/confidence': '3/4'}
939,0,0,{'votes/confidence': '4/5'}
940,0,0,{'votes/confidence': '2/3'}
941,0,0,{'votes/confidence': '5/5'}
942,0,0,{'votes/confidence': '5/5'}
943,0,1,{'votes/confidence': '5/6'}
944,0,0,{'votes/confidence': '5/5'}
945,0,0,{'votes/confidence': '5/6'}
946,0,0,{'votes/confidence': '4/6'}
947,0,1,{'votes/confidence': '3/3'}
948,0,1,{'votes/confidence': '4/4'}
949,0,1,{'votes/confidence': 0.9998157620429993}
950,0,1,{'votes/confidence': '5/6'}
951,0,1,{'votes/confidence': '4/6'}
952,0,0,{'votes/confidence': 0.9998646974563599}
953,0,0,{'votes/confidence': '5/5'}
954,0,0,{'votes/confidence': '6/6'}
955,0,0,{'votes/confidence': '4/6'}
956,0,1,{'votes/confidence': '4/7'}
957,0,0,{'votes/confidence': '6/6'}
958,0,0,{'votes/confidence': '4/5'}
959,0,0,{'votes/confidence': '5/5'}
960,0,0,{'votes/confidence': '4/6'}
961,0,0,{'votes/confidence': '7/7'}
962,0,0,{'votes/confidence': '5/5'}
963,0,0,{'votes/confidence': '3/5'}
964,0,0,{'votes/confidence': '3/5'}
965,0,1,{'votes/confidence': '6/6'}
966,0,0,{'votes/confidence': '4/4'}
967,0,0,{'votes/confidence': '3/4'}
968,0,0,{'votes/confidence': '3/3'}
969,0,0,{'votes/confidence': '7/7'}
970,0,0,{'votes/confidence': '2/2'}
971,0,0,{'votes/confidence': '5/8'}
972,0,0,{'votes/confidence': '3/3'}
973,0,0,{'votes/confidence': '3/3'}
974,0,0,{'votes/confidence': '3/5'}
975,0,0,{'votes/confidence': '4/4'}
976,0,0,{'votes/confidence': '4/4'}
977,0,0,{'votes/confidence': '4/4'}
978,0,0,{'votes/confidence': '3/4'}
979,0,0,{'votes/confidence': '5/5'}
980,0,1,{'votes/confidence': '3/4'}
981,0,0,{'votes/confidence': '3/5'}
982,0,1,{'votes/confidence': 0.9992893934249878}
983,0,0,{'votes/confidence': 0.9999973773956299}
984,0,1,{'votes/confidence': '4/6'}
985,0,1,{'votes/confidence': '5/5'}
986,0,0,{'votes/confidence': 1.0}
987,0,0,{'votes/confidence': '3/5'}
988,0,0,{'votes/confidence': '4/5'}
989,0,0,{'votes/confidence': '4/4'}
990,0,0,{'votes/confidence': '5/6'}
991,0,1,{'votes/confidence': '5/7'}
992,0,1,{'votes/confidence': '4/6'}
993,0,0,{'votes/confidence': '6/7'}
994,0,1,{'votes/confidence': '4/5'}
995,0,1,{'votes/confidence': '5/7'}
996,0,0,{'votes/confidence': '5/5'}
997,0,0,{'votes/confidence': '6/6'}
998,0,0,{'votes/confidence': '6/6'}
999,0,0,{'votes/confidence': '5/5'}
1000,0,1,{'votes/confidence': '3/4'}
1001,0,0,{'votes/confidence': '6/6'}
1002,0,1,{'votes/confidence': '5/6'}
1003,0,1,{'votes/confidence': '6/7'}
1004,0,0,{'votes/confidence': 1.0}
1005,0,0,{'votes/confidence': '8/8'}
1006,0,0,{'votes/confidence': '6/6'}
1007,0,1,{'votes/confidence': '5/5'}
1008,0,1,{'votes/confidence': '3/5'}
1009,0,1,{'votes/confidence': '2/3'}
1010,0,1,{'votes/confidence': '5/7'}
1011,0,0,{'votes/confidence': 1.0}
1012,0,1,{'votes/confidence': '6/7'}
1013,0,0,{'votes/confidence': '4/7'}
1014,0,0,{'votes/confidence': '3/5'}
1015,0,1,{'votes/confidence': '6/6'}
1016,0,1,{'votes/confidence': '5/7'}
1017,0,0,{'votes/confidence': '4/6'}
1018,0,1,{'votes/confidence': '4/6'}
1019,0,0,{'votes/confidence': '6/6'}
1020,0,0,{'votes/confidence': '5/5'}
1021,0,0,{'votes/confidence': '5/5'}
1022,0,0,{'votes/confidence': '6/6'}
1023,0,0,{'votes/confidence': '5/5'}
1024,0,0,{'votes/confidence': '5/5'}
1025,0,0,{'votes/confidence': '4/4'}
1026,0,0,{'votes/confidence': '4/6'}
1027,0,0,{'votes/confidence': '5/5'}
1028,0,1,{'votes/confidence': '3/5'}
1029,0,1,{'votes/confidence': '4/4'}
1030,0,1,{'votes/confidence': '4/6'}
1031,0,0,{'votes/confidence': '4/4'}
1032,0,1,{'votes/confidence': '5/6'}
1033,0,0,{'votes/confidence': '6/6'}
1034,0,1,{'votes/confidence': '7/7'}
1035,0,1,{'votes/confidence': '1/1'}
1036,0,0,{'votes/confidence': '7/7'}
1037,0,1,{'votes/confidence': '4/5'}
1038,0,0,{'votes/confidence': '5/5'}
1039,0,0,{'votes/confidence': '5/5'}
1040,0,0,{'votes/confidence': '5/5'}
1041,0,0,{'votes/confidence': '4/6'}
1042,0,0,{'votes/confidence': '5/6'}
1043,0,0,{'votes/confidence': '3/5'}
1044,0,1,{'votes/confidence': 0.9793944954872131}
1045,0,1,{'votes/confidence': '6/7'}
1046,0,1,{'votes/confidence': '4/5'}
1047,0,0,{'votes/confidence': '7/8'}
1048,0,0,{'votes/confidence': '6/6'}
1049,0,1,{'votes/confidence': '3/5'}
1050,0,1,{'votes/confidence': '5/6'}
1051,0,1,{'votes/confidence': '3/5'}
1052,0,0,{'votes/confidence': '5/5'}
1053,0,0,{'votes/confidence': '4/4'}
1054,0,0,{'votes/confidence': '5/5'}
1055,0,0,{'votes/confidence': '4/5'}
1056,0,1,{'votes/confidence': '4/4'}
1057,0,1,{'votes/confidence': '6/7'}
1058,0,0,{'votes/confidence': '4/4'}
1059,0,0,{'votes/confidence': '3/5'}
1060,0,1,{'votes/confidence': '5/6'}
1061,0,0,{'votes/confidence': '3/3'}
1062,0,0,{'votes/confidence': '3/5'}
1063,0,0,{'votes/confidence': 1.0}
1064,0,0,{'votes/confidence': '4/5'}
1065,0,0,{'votes/confidence': '5/6'}
1066,0,1,{'votes/confidence': '3/5'}
1067,0,1,{'votes/confidence': '4/5'}
1068,0,1,{'votes/confidence': '3/5'}
1069,0,1,{'votes/confidence': '1/1'}
1070,0,0,{'votes/confidence': '5/7'}
1071,0,0,{'votes/confidence': '4/6'}
1072,0,1,{'votes/confidence': '5/6'}
1073,0,1,{'votes/confidence': '4/6'}
1074,0,0,{'votes/confidence': '4/5'}
1075,0,1,{'votes/confidence': '4/5'}
1076,0,1,{'votes/confidence': '3/4'}
1077,0,0,{'votes/confidence': '3/4'}
1078,0,0,{'votes/confidence': '3/4'}
1079,0,0,{'votes/confidence': '3/4'}
1080,0,1,{'votes/confidence': '4/4'}
1081,0,0,{'votes/confidence': '4/5'}
1082,0,0,{'votes/confidence': 0.9999938011169434}
1083,0,1,{'votes/confidence': '2/3'}
1084,0,1,{'votes/confidence': '5/6'}
1085,0,1,{'votes/confidence': '3/4'}
1086,0,0,{'votes/confidence': '4/7'}
1087,0,1,{'votes/confidence': '4/6'}
1088,0,0,{'votes/confidence': '3/5'}
1089,0,0,{'votes/confidence': '5/5'}
1090,0,0,{'votes/confidence': '6/6'}
1091,0,0,{'votes/confidence': '8/8'}
1092,0,1,{'votes/confidence': '5/6'}
1093,0,1,{'votes/confidence': '4/5'}
1094,0,0,{'votes/confidence': '6/7'}
1095,0,0,{'votes/confidence': '6/6'}
1096,0,1,{'votes/confidence': '5/6'}
1097,0,1,{'votes/confidence': '4/5'}
1098,0,0,{'votes/confidence': '6/6'}
1099,0,1,{'votes/confidence': '5/6'}
1100,0,0,{'votes/confidence': '5/5'}
1101,0,0,{'votes/confidence': '4/5'}
1102,0,1,{'votes/confidence': '3/5'}
1103,0,1,{'votes/confidence': '5/5'}
1104,0,0,{'votes/confidence': '4/5'}
1105,0,1,{'votes/confidence': 0.9999997615814209}
1106,0,1,{'votes/confidence': '3/5'}
1107,0,0,{'votes/confidence': '5/5'}
1108,0,1,{'votes/confidence': '3/5'}
1109,0,1,{'votes/confidence': '6/6'}
1110,0,0,{'votes/confidence': '3/5'}
1111,0,0,{'votes/confidence': '5/7'}
1112,0,0,{'votes/confidence': '4/5'}
1113,0,1,{'votes/confidence': '4/7'}
1114,0,1,{'votes/confidence': '3/5'}
1115,0,0,{'votes/confidence': '5/6'}
1116,0,0,{'votes/confidence': '3/5'}
1117,0,1,{'votes/confidence': 0.9990654587745667}
1118,0,1,{'votes/confidence': '4/4'}
1119,0,1,{'votes/confidence': '4/6'}
1120,0,1,{'votes/confidence': '5/5'}
1121,0,1,{'votes/confidence': '5/6'}
1122,0,0,{'votes/confidence': '5/6'}
1123,0,1,{'votes/confidence': '3/5'}
1124,0,1,{'votes/confidence': '4/6'}
1125,0,1,{'votes/confidence': '4/7'}
1126,0,0,{'votes/confidence': '4/5'}
1127,0,1,{'votes/confidence': '5/6'}
1128,0,1,{'votes/confidence': '4/5'}
1129,0,1,{'votes/confidence': '5/7'}
1130,0,0,{'votes/confidence': '5/5'}
1131,0,0,{'votes/confidence': '5/6'}
1132,0,1,{'votes/confidence': '2/2'}
1133,0,1,{'votes/confidence': '3/5'}
1134,0,1,{'votes/confidence': '5/7'}
1135,0,0,{'votes/confidence': '4/5'}
1136,0,1,{'votes/confidence': '4/6'}
1137,0,0,{'votes/confidence': '4/5'}
1138,0,0,{'votes/confidence': 0.9999881982803345}
1139,0,0,{'votes/confidence': '5/5'}
1140,0,0,{'votes/confidence': '6/7'}
1141,0,0,{'votes/confidence': '4/6'}
1142,0,0,{'votes/confidence': '5/5'}
1143,0,0,{'votes/confidence': '4/4'}
1144,0,1,{'votes/confidence': '4/5'}
1145,0,1,{'votes/confidence': '5/7'}
1146,0,0,{'votes/confidence': '5/5'}
1147,0,0,{'votes/confidence': '4/7'}
1148,0,0,{'votes/confidence': '4/4'}
1149,0,0,{'votes/confidence': '6/6'}
1150,0,0,{'votes/confidence': '5/7'}
1151,0,0,{'votes/confidence': '3/5'}
1152,0,1,{'votes/confidence': '5/7'}
1153,0,1,{'votes/confidence': '5/6'}
1154,0,0,{'votes/confidence': '5/5'}
1155,0,0,{'votes/confidence': '5/5'}
1156,0,0,{'votes/confidence': '6/6'}
1157,0,0,{'votes/confidence': '6/6'}
1158,0,0,{'votes/confidence': '5/5'}
1159,0,0,{'votes/confidence': '5/5'}
1160,0,1,{'votes/confidence': '6/7'}
1161,0,1,{'votes/confidence': '1/1'}
1162,0,0,{'votes/confidence': '5/5'}
1163,0,0,{'votes/confidence': '6/6'}
1164,0,1,{'votes/confidence': '4/5'}
1165,0,1,{'votes/confidence': '3/5'}
1166,0,0,{'votes/confidence': '6/6'}
1167,0,0,{'votes/confidence': '2/3'}
1168,0,1,{'votes/confidence': '4/7'}
1169,0,0,{'votes/confidence': '7/7'}
1170,0,0,{'votes/confidence': '6/6'}
1171,0,0,{'votes/confidence': '6/6'}
1172,0,0,{'votes/confidence': '4/6'}
1173,0,0,{'votes/confidence': '4/4'}
1174,0,1,{'votes/confidence': '4/5'}
1175,0,1,{'votes/confidence': '4/5'}
1176,0,1,{'votes/confidence': '4/5'}
1177,0,0,{'votes/confidence': '5/5'}
1178,0,0,{'votes/confidence': 0.9999992847442627}
1179,0,0,{'votes/confidence': '5/6'}
1180,0,0,{'votes/confidence': 0.9999767541885376}
1181,0,1,{'votes/confidence': '4/7'}
1182,0,0,{'votes/confidence': 0.9999985694885254}
1183,0,1,{'votes/confidence': '4/5'}
1184,0,1,{'votes/confidence': '3/3'}
1185,0,1,{'votes/confidence': '3/5'}
1186,0,0,{'votes/confidence': '3/4'}
1187,0,1,{'votes/confidence': '4/6'}
1188,0,1,{'votes/confidence': '4/5'}
1189,0,1,{'votes/confidence': '5/7'}
1190,0,1,{'votes/confidence': '4/4'}
1191,0,1,{'votes/confidence': '5/6'}
1192,0,0,{'votes/confidence': '6/6'}
1193,0,0,{'votes/confidence': '5/5'}
1194,0,1,{'votes/confidence': '5/6'}
1195,0,1,{'votes/confidence': '3/5'}
1196,0,1,{'votes/confidence': '4/7'}
1197,0,0,{'votes/confidence': '4/4'}
1198,0,0,{'votes/confidence': '4/7'}
1199,0,1,{'votes/confidence': 0.9987782835960388}
1200,0,1,{'votes/confidence': '4/7'}
1201,0,0,{'votes/confidence': '2/2'}
1202,0,0,{'votes/confidence': '4/4'}
1203,0,1,{'votes/confidence': '4/6'}
1204,0,1,{'votes/confidence': '3/4'}
1205,0,1,{'votes/confidence': '3/5'}
1206,0,1,{'votes/confidence': '4/6'}
1207,0,0,{'votes/confidence': '5/5'}
1208,0,0,{'votes/confidence': '5/5'}
1209,0,0,{'votes/confidence': '4/4'}
1210,0,0,{'votes/confidence': 0.9999997615814209}
1211,0,0,{'votes/confidence': '6/6'}
1212,0,0,{'votes/confidence': '4/4'}
1213,0,0,{'votes/confidence': '3/5'}
1214,0,0,{'votes/confidence': '4/4'}
1215,0,1,{'votes/confidence': '3/5'}
1216,0,1,{'votes/confidence': '4/5'}
1217,0,0,{'votes/confidence': '4/5'}
1218,0,0,{'votes/confidence': '3/4'}
1219,0,1,{'votes/confidence': '4/5'}
1220,0,0,{'votes/confidence': '4/5'}
1221,0,0,{'votes/confidence': '4/6'}
1222,0,1,{'votes/confidence': '4/4'}
1223,0,0,{'votes/confidence': '5/5'}
1224,0,0,{'votes/confidence': 0.9999974966049194}
1225,0,0,{'votes/confidence': '6/6'}
1226,0,1,{'votes/confidence': '3/5'}
1227,0,0,{'votes/confidence': 0.8369718194007874}
1228,0,1,{'votes/confidence': '4/6'}
1229,0,1,{'votes/confidence': '4/6'}
1230,0,1,{'votes/confidence': '3/4'}
1231,0,0,{'votes/confidence': '5/5'}
1232,0,0,{'votes/confidence': '4/4'}
1233,0,1,{'votes/confidence': 0.9515856504440308}
1234,0,0,{'votes/confidence': '3/5'}
1235,0,0,{'votes/confidence': '4/4'}
1236,0,0,{'votes/confidence': '5/5'}
1237,0,1,{'votes/confidence': '3/4'}
1238,0,1,{'votes/confidence': 1.0}
1239,0,1,{'votes/confidence': '3/5'}
1240,0,0,{'votes/confidence': '4/4'}
1241,0,1,{'votes/confidence': '4/6'}
1242,0,0,{'votes/confidence': '6/6'}
1243,0,0,{'votes/confidence': 0.9999783039093018}
1244,0,0,{'votes/confidence': '2/3'}
1245,0,1,{'votes/confidence': '4/6'}
1246,0,0,{'votes/confidence': '7/7'}
1247,0,0,{'votes/confidence': '6/6'}
1248,0,0,{'votes/confidence': '6/6'}
1249,0,0,{'votes/confidence': '3/4'}
1250,0,0,{'votes/confidence': '5/6'}
1251,0,0,{'votes/confidence': '4/7'}
1252,0,0,{'votes/confidence': '5/5'}
1253,0,1,{'votes/confidence': '5/6'}
1254,0,0,{'votes/confidence': '3/5'}
1255,0,0,{'votes/confidence': '4/6'}
1256,0,0,{'votes/confidence': '5/6'}
1257,0,0,{'votes/confidence': '4/4'}
1258,0,1,{'votes/confidence': '6/7'}
1259,0,1,{'votes/confidence': '5/7'}
1260,0,1,{'votes/confidence': '4/7'}
1261,0,1,{'votes/confidence': '5/6'}
1262,0,0,{'votes/confidence': '5/6'}
1263,0,1,{'votes/confidence': '5/5'}
1264,0,1,{'votes/confidence': '4/7'}
1265,0,1,{'votes/confidence': '5/7'}
1266,0,0,{'votes/confidence': '4/5'}
1267,0,0,{'votes/confidence': '6/6'}
1268,0,1,{'votes/confidence': '3/5'}
1269,0,1,{'votes/confidence': '4/6'}
1270,0,0,{'votes/confidence': '5/5'}
1271,0,0,{'votes/confidence': '3/4'}
1272,0,1,{'votes/confidence': '5/6'}
1273,0,0,{'votes/confidence': '2/2'}
1274,0,0,{'votes/confidence': '6/6'}
1275,0,0,{'votes/confidence': '7/7'}
1276,0,0,{'votes/confidence': '5/5'}
1277,0,1,{'votes/confidence': '4/5'}
1278,0,1,{'votes/confidence': '4/5'}
1279,0,0,{'votes/confidence': 1.0}
1280,0,0,{'votes/confidence': '5/5'}
1281,0,0,{'votes/confidence': '5/5'}
1282,0,0,{'votes/confidence': '3/5'}
1283,0,0,{'votes/confidence': '4/4'}
1284,0,0,{'votes/confidence': 0.9999942779541016}
1285,0,0,{'votes/confidence': '6/6'}
1286,0,0,{'votes/confidence': '5/5'}
1287,0,0,{'votes/confidence': '8/8'}
1288,0,0,{'votes/confidence': '4/4'}
1289,0,0,{'votes/confidence': '4/4'}
1290,0,0,{'votes/confidence': '6/6'}
1291,0,0,{'votes/confidence': '5/5'}
1292,0,0,{'votes/confidence': '6/6'}
1293,0,1,{'votes/confidence': '5/7'}
1294,0,0,{'votes/confidence': '5/6'}
1295,0,0,{'votes/confidence': '5/5'}
1296,0,0,{'votes/confidence': '5/5'}
1297,0,0,{'votes/confidence': 0.9999979734420776}
1298,0,0,{'votes/confidence': '5/6'}
1299,0,0,{'votes/confidence': '3/3'}
1300,0,0,{'votes/confidence': '4/5'}
1301,0,0,{'votes/confidence': '7/7'}
1302,0,0,{'votes/confidence': 0.9999814033508301}
1303,0,1,{'votes/confidence': '6/7'}
1304,0,0,{'votes/confidence': '7/7'}
1305,0,1,{'votes/confidence': '6/7'}
1306,0,0,{'votes/confidence': '5/5'}
1307,0,0,{'votes/confidence': '5/6'}
1308,0,0,{'votes/confidence': '5/5'}
1309,0,1,{'votes/confidence': '6/7'}
1310,0,1,{'votes/confidence': '3/5'}
1311,0,1,{'votes/confidence': '3/4'}
1312,0,0,{'votes/confidence': 1.0}
1313,0,0,{'votes/confidence': '4/5'}
1314,0,0,{'votes/confidence': '6/6'}
1315,0,1,{'votes/confidence': '3/4'}
1316,0,0,{'votes/confidence': '4/4'}
1317,0,0,{'votes/confidence': '6/6'}
1318,0,0,{'votes/confidence': '4/5'}
1319,0,1,{'votes/confidence': '4/5'}
1320,0,0,{'votes/confidence': '6/6'}
1321,0,0,{'votes/confidence': '6/6'}
1322,0,1,{'votes/confidence': '5/6'}
1323,0,1,{'votes/confidence': '4/5'}
1324,0,1,{'votes/confidence': '5/5'}
1325,0,0,{'votes/confidence': 0.9641116261482239}
1326,0,1,{'votes/confidence': '5/5'}
1327,0,1,{'votes/confidence': '5/5'}
1328,0,0,{'votes/confidence': '5/5'}
1329,0,0,{'votes/confidence': '5/5'}
1330,0,0,{'votes/confidence': '2/2'}
1331,0,0,{'votes/confidence': '7/7'}
1332,0,1,{'votes/confidence': '5/7'}
1333,0,1,{'votes/confidence': '6/8'}
1334,0,0,{'votes/confidence': '2/2'}
1335,0,0,{'votes/confidence': '4/4'}
1336,0,0,{'votes/confidence': '5/6'}
1337,0,1,{'votes/confidence': '4/5'}
1338,0,0,{'votes/confidence': '5/5'}
1339,0,0,{'votes/confidence': '5/5'}
1340,0,0,{'votes/confidence': '5/5'}
1341,0,0,{'votes/confidence': '3/4'}
1342,0,1,{'votes/confidence': '4/5'}
1343,0,0,{'votes/confidence': '4/4'}
1344,0,0,{'votes/confidence': '4/4'}
1345,0,0,{'votes/confidence': '5/5'}
1346,0,0,{'votes/confidence': '4/5'}
1347,0,0,{'votes/confidence': '4/5'}
1348,0,0,{'votes/confidence': '5/5'}
1349,0,1,{'votes/confidence': '4/5'}
1350,0,1,{'votes/confidence': '4/7'}
1351,0,1,{'votes/confidence': '6/7'}
1352,0,0,{'votes/confidence': '7/7'}
1353,0,0,{'votes/confidence': '6/6'}
1354,0,1,{'votes/confidence': '3/4'}
1355,0,0,{'votes/confidence': '5/5'}
1356,0,0,{'votes/confidence': '5/5'}
1357,0,0,{'votes/confidence': '6/6'}
1358,0,1,{'votes/confidence': '5/6'}
1359,0,1,{'votes/confidence': '6/7'}
1360,0,1,{'votes/confidence': '3/5'}
1361,0,1,{'votes/confidence': '4/5'}
1362,0,0,{'votes/confidence': '5/5'}
1363,0,1,{'votes/confidence': '4/4'}
1364,0,0,{'votes/confidence': '5/5'}
1365,0,0,{'votes/confidence': '3/4'}
1366,0,1,{'votes/confidence': '4/5'}
1367,0,0,{'votes/confidence': '4/5'}
1368,0,1,{'votes/confidence': '5/7'}
1369,0,0,{'votes/confidence': 1.0}
1370,0,1,{'votes/confidence': '3/5'}
1371,0,1,{'votes/confidence': '4/6'}
1372,0,0,{'votes/confidence': '4/6'}
1373,0,1,{'votes/confidence': '4/5'}
1374,0,0,{'votes/confidence': '2/2'}
1375,0,1,{'votes/confidence': '4/4'}
1376,0,1,{'votes/confidence': '3/4'}
1377,0,0,{'votes/confidence': '4/5'}
1378,0,1,{'votes/confidence': '3/4'}
1379,0,1,{'votes/confidence': '4/5'}
1380,0,1,{'votes/confidence': '5/5'}
1381,0,0,{'votes/confidence': '2/2'}
1382,0,0,{'votes/confidence': '5/5'}
1383,0,0,{'votes/confidence': '6/6'}
1384,0,0,{'votes/confidence': '5/6'}
1385,0,1,{'votes/confidence': '5/7'}
1386,0,0,{'votes/confidence': '4/6'}
1387,0,0,{'votes/confidence': '4/4'}
1388,0,0,{'votes/confidence': '6/6'}
1389,0,0,{'votes/confidence': '4/7'}
1390,0,1,{'votes/confidence': '4/5'}
1391,0,1,{'votes/confidence': '6/7'}
1392,0,1,{'votes/confidence': '4/5'}
1393,0,0,{'votes/confidence': '4/4'}
1394,0,0,{'votes/confidence': 1.0}
1395,0,0,{'votes/confidence': '2/3'}
1396,0,1,{'votes/confidence': '3/3'}
1397,0,1,{'votes/confidence': '5/8'}
1398,0,1,{'votes/confidence': '4/5'}
1399,0,0,{'votes/confidence': 0.9997925162315369}
1400,0,0,{'votes/confidence': '3/4'}
1401,0,1,{'votes/confidence': '4/7'}
1402,0,1,{'votes/confidence': '3/4'}
1403,0,1,{'votes/confidence': '6/8'}
1404,0,0,{'votes/confidence': '5/5'}
1405,0,0,{'votes/confidence': '6/6'}
1406,0,0,{'votes/confidence': '6/6'}
1407,0,0,{'votes/confidence': 0.9998511075973511}
1408,0,1,{'votes/confidence': '6/7'}
1409,0,0,{'votes/confidence': '5/6'}
1410,0,1,{'votes/confidence': '4/4'}
1411,0,1,{'votes/confidence': '5/5'}
1412,0,0,{'votes/confidence': '3/5'}
1413,0,0,{'votes/confidence': '4/7'}
1414,0,1,{'votes/confidence': '3/5'}
1415,0,0,{'votes/confidence': 0.9997389912605286}
1416,0,0,{'votes/confidence': '3/5'}
1417,0,1,{'votes/confidence': '4/7'}
1418,0,0,{'votes/confidence': 0.9999992847442627}
1419,0,1,{'votes/confidence': '5/5'}
1420,0,0,{'votes/confidence': '3/5'}
1421,0,0,{'votes/confidence': '3/4'}
1422,0,1,{'votes/confidence': '5/7'}
1423,0,1,{'votes/confidence': '3/5'}
1424,0,0,{'votes/confidence': '4/4'}
1425,0,0,{'votes/confidence': '6/6'}
1426,0,1,{'votes/confidence': '5/7'}
1427,0,0,{'votes/confidence': '6/7'}
1428,0,0,{'votes/confidence': '3/4'}
1429,0,0,{'votes/confidence': '5/5'}
1430,0,1,{'votes/confidence': 0.9997435212135315}
1431,0,0,{'votes/confidence': '3/4'}
1432,0,1,{'votes/confidence': '4/4'}
1433,0,0,{'votes/confidence': '5/5'}
1434,0,0,{'votes/confidence': '4/5'}
1435,0,0,{'votes/confidence': '2/2'}
1436,0,0,{'votes/confidence': '4/6'}
1437,0,1,{'votes/confidence': '5/7'}
1438,0,1,{'votes/confidence': '4/6'}
1439,0,0,{'votes/confidence': '4/6'}
1440,0,1,{'votes/confidence': '5/6'}
1441,0,1,{'votes/confidence': '4/6'}
1442,0,0,{'votes/confidence': '5/5'}
1443,0,0,{'votes/confidence': '6/6'}
1444,0,0,{'votes/confidence': '7/7'}
1445,0,1,{'votes/confidence': '1/1'}
1446,0,0,{'votes/confidence': '6/6'}
1447,0,1,{'votes/confidence': '6/7'}
1448,0,0,{'votes/confidence': '5/6'}
1449,0,1,{'votes/confidence': '4/5'}
1450,0,0,{'votes/confidence': 0.9996700286865234}
1451,0,0,{'votes/confidence': '5/5'}
1452,0,0,{'votes/confidence': '4/6'}
1453,0,0,{'votes/confidence': '6/6'}
1454,0,1,{'votes/confidence': '4/7'}
1455,0,0,{'votes/confidence': '4/4'}
1456,0,1,{'votes/confidence': '5/7'}
1457,0,1,{'votes/confidence': '5/6'}
1458,0,1,{'votes/confidence': '5/6'}
1459,0,0,{'votes/confidence': '5/5'}
1460,0,0,{'votes/confidence': '3/5'}
1461,0,1,{'votes/confidence': '5/5'}
1462,0,0,{'votes/confidence': '7/7'}
1463,0,0,{'votes/confidence': '5/5'}
1464,0,1,{'votes/confidence': '4/5'}
1465,0,0,{'votes/confidence': '4/5'}
1466,0,0,{'votes/confidence': '4/4'}
1467,0,1,{'votes/confidence': '4/5'}
1468,0,0,{'votes/confidence': '4/4'}
1469,0,0,{'votes/confidence': '4/4'}
1470,0,0,{'votes/confidence': '6/6'}
1471,0,0,{'votes/confidence': '5/5'}
1472,0,0,{'votes/confidence': '5/5'}
1473,0,1,{'votes/confidence': '5/7'}
1474,0,1,{'votes/confidence': '7/7'}
1475,0,1,{'votes/confidence': '5/6'}
1476,0,0,{'votes/confidence': '4/4'}
1477,0,1,{'votes/confidence': '3/5'}
1478,0,0,{'votes/confidence': 1.0}
1479,0,0,{'votes/confidence': '3/4'}
1480,0,0,{'votes/confidence': '4/7'}
1481,0,0,{'votes/confidence': '4/7'}
1482,0,0,{'votes/confidence': '4/6'}
1483,0,1,{'votes/confidence': '2/3'}
1484,0,1,{'votes/confidence': '4/5'}
1485,0,1,{'votes/confidence': '4/6'}
1486,0,1,{'votes/confidence': '4/5'}
1487,0,1,{'votes/confidence': 1.0}
1488,0,1,{'votes/confidence': '4/5'}
1489,0,0,{'votes/confidence': '6/6'}
1490,0,0,{'votes/confidence': '6/6'}
1491,0,0,{'votes/confidence': 0.9999873638153076}
1492,0,0,{'votes/confidence': 0.996290922164917}
1493,0,1,{'votes/confidence': '3/5'}
1494,0,0,{'votes/confidence': '3/5'}
1495,0,1,{'votes/confidence': 1.0}
1496,0,1,{'votes/confidence': '4/6'}
1497,0,0,{'votes/confidence': '6/6'}
1498,0,0,{'votes/confidence': 0.9999988079071045}
1499,0,0,{'votes/confidence': 1.0}
1500,0,1,{'votes/confidence': '3/5'}
1501,0,0,{'votes/confidence': '4/6'}
1502,0,1,{'votes/confidence': '5/6'}
1503,0,0,{'votes/confidence': '6/6'}
1504,0,0,{'votes/confidence': '4/7'}
1505,0,0,{'votes/confidence': 0.9947732090950012}
1506,0,1,{'votes/confidence': '3/5'}
1507,0,0,{'votes/confidence': '4/6'}
1508,0,0,{'votes/confidence': '5/5'}
1509,0,1,{'votes/confidence': '6/7'}
1510,0,0,{'votes/confidence': '6/6'}
1511,0,0,{'votes/confidence': 1.0}
1512,0,0,{'votes/confidence': '4/6'}
1513,0,0,{'votes/confidence': 0.9999929666519165}
1514,0,0,{'votes/confidence': '4/4'}
1515,0,0,{'votes/confidence': '4/5'}
1516,0,1,{'votes/confidence': '3/4'}
1517,0,1,{'votes/confidence': '3/5'}
1518,0,1,{'votes/confidence': '3/5'}
1519,0,1,{'votes/confidence': '3/5'}
1520,0,0,{'votes/confidence': '4/7'}
1521,0,0,{'votes/confidence': '4/4'}
1522,0,1,{'votes/confidence': '5/6'}
1523,0,0,{'votes/confidence': '5/5'}
1524,0,0,{'votes/confidence': '6/6'}
1525,0,0,{'votes/confidence': '2/2'}
1526,0,0,{'votes/confidence': '5/5'}
1527,0,0,{'votes/confidence': '5/5'}
1528,0,0,{'votes/confidence': '5/5'}
1529,0,1,{'votes/confidence': '3/5'}
1530,0,1,{'votes/confidence': '3/5'}
1531,0,1,{'votes/confidence': '5/6'}
1532,0,0,{'votes/confidence': '5/5'}
1533,0,0,{'votes/confidence': '4/4'}
1534,0,1,{'votes/confidence': '4/6'}
1535,0,1,{'votes/confidence': '5/7'}
1536,0,0,{'votes/confidence': '4/6'}
1537,0,0,{'votes/confidence': '3/5'}
1538,0,0,{'votes/confidence': 1.0}
1539,0,1,{'votes/confidence': 0.9999887943267822}
1540,0,0,{'votes/confidence': '4/5'}
1541,0,1,{'votes/confidence': '4/6'}
1542,0,0,{'votes/confidence': '5/8'}
1543,0,1,{'votes/confidence': '5/7'}
1544,0,0,{'votes/confidence': '3/3'}
1545,0,0,{'votes/confidence': '5/5'}
1546,0,0,{'votes/confidence': '4/4'}
1547,0,0,{'votes/confidence': '6/6'}
1548,0,0,{'votes/confidence': '5/5'}
1549,0,1,{'votes/confidence': '4/6'}
1550,0,1,{'votes/confidence': '4/7'}
1551,0,0,{'votes/confidence': 1.0}
1552,0,1,{'votes/confidence': '4/6'}
1553,0,0,{'votes/confidence': '5/5'}
1554,0,0,{'votes/confidence': '3/5'}
1555,0,1,{'votes/confidence': '4/5'}
1556,0,0,{'votes/confidence': '4/5'}
1557,0,1,{'votes/confidence': '3/5'}
1558,0,0,{'votes/confidence': '4/5'}
1559,0,0,{'votes/confidence': '5/6'}
1560,0,1,{'votes/confidence': '4/6'}
1561,0,1,{'votes/confidence': '3/4'}
1562,0,0,{'votes/confidence': '5/6'}
1563,0,1,{'votes/confidence': '3/5'}
1564,0,1,{'votes/confidence': '3/5'}
1565,0,1,{'votes/confidence': '3/5'}
1566,0,0,{'votes/confidence': '5/5'}
1567,0,0,{'votes/confidence': '5/5'}
1568,0,0,{'votes/confidence': 1.0}
1569,0,0,{'votes/confidence': '6/6'}
1570,0,1,{'votes/confidence': '4/5'}
1571,0,0,{'votes/confidence': '5/6'}
1572,0,1,{'votes/confidence': '6/7'}
1573,0,0,{'votes/confidence': '5/7'}
1574,0,0,{'votes/confidence': '5/6'}
1575,0,1,{'votes/confidence': '4/5'}
1576,0,0,{'votes/confidence': '4/6'}
1577,0,0,{'votes/confidence': 0.9973860383033752}
1578,0,0,{'votes/confidence': '3/3'}
1579,0,0,{'votes/confidence': '5/5'}
1580,0,1,{'votes/confidence': '4/5'}
1581,0,0,{'votes/confidence': 0.9999970197677612}
1582,0,1,{'votes/confidence': '4/6'}
1583,0,0,{'votes/confidence': '4/4'}
1584,0,1,{'votes/confidence': '2/2'}
1585,0,0,{'votes/confidence': '3/5'}
1586,0,0,{'votes/confidence': '4/5'}
1587,0,0,{'votes/confidence': 0.9998844861984253}
1588,0,1,{'votes/confidence': '4/5'}
1589,0,1,{'votes/confidence': '4/4'}
1590,0,1,{'votes/confidence': '6/8'}
1591,0,1,{'votes/confidence': '4/6'}
1592,0,1,{'votes/confidence': '4/6'}
1593,0,1,{'votes/confidence': 0.9999979734420776}
1594,0,0,{'votes/confidence': '6/7'}
1595,0,1,{'votes/confidence': '3/4'}
1596,0,0,{'votes/confidence': '5/5'}
1597,0,1,{'votes/confidence': 0.9999673366546631}
1598,0,1,{'votes/confidence': '4/6'}
1599,0,0,{'votes/confidence': '4/5'}
1600,0,0,{'votes/confidence': '4/7'}
1601,0,0,{'votes/confidence': '6/6'}
1602,0,1,{'votes/confidence': '4/6'}
1603,0,0,{'votes/confidence': '3/4'}
1604,0,0,{'votes/confidence': 0.9999997615814209}
1605,0,1,{'votes/confidence': '1/1'}
1606,0,1,{'votes/confidence': '5/5'}
1607,0,0,{'votes/confidence': '5/6'}
1608,0,0,{'votes/confidence': '4/6'}
1609,0,0,{'votes/confidence': '3/5'}
1610,0,1,{'votes/confidence': '4/5'}
1611,0,0,{'votes/confidence': '4/4'}
1612,0,0,{'votes/confidence': '4/4'}
1613,0,0,{'votes/confidence': '3/5'}
1614,0,0,{'votes/confidence': '3/3'}
1615,0,1,{'votes/confidence': '4/6'}
1616,0,0,{'votes/confidence': '4/4'}
1617,0,1,{'votes/confidence': '3/5'}
1618,0,0,{'votes/confidence': '3/5'}
1619,0,0,{'votes/confidence': '6/6'}
1620,0,1,{'votes/confidence': '4/6'}
1621,0,1,{'votes/confidence': '4/6'}
1622,0,0,{'votes/confidence': '6/6'}
1623,0,0,{'votes/confidence': '4/4'}
1624,0,0,{'votes/confidence': '3/3'}
1625,0,0,{'votes/confidence': '3/4'}
1626,0,1,{'votes/confidence': '3/4'}
1627,0,1,{'votes/confidence': '3/3'}
1628,0,1,{'votes/confidence': '3/5'}
1629,0,0,{'votes/confidence': '5/5'}
1630,0,0,{'votes/confidence': '4/5'}
1631,0,0,{'votes/confidence': '3/5'}
1632,0,1,{'votes/confidence': '5/6'}
1633,0,0,{'votes/confidence': 1.0}
1634,0,0,{'votes/confidence': '5/5'}
1635,0,1,{'votes/confidence': '3/4'}
1636,0,0,{'votes/confidence': '5/5'}
1637,0,0,{'votes/confidence': '4/4'}
1638,0,0,{'votes/confidence': '5/5'}
1639,0,1,{'votes/confidence': '4/5'}
1640,0,0,{'votes/confidence': 0.999541163444519}
1641,0,0,{'votes/confidence': '4/4'}
1642,0,0,{'votes/confidence': '2/3'}
1643,0,0,{'votes/confidence': '3/5'}
1644,0,1,{'votes/confidence': '4/5'}
1645,0,1,{'votes/confidence': '3/5'}
1646,0,1,{'votes/confidence': '3/4'}
1647,0,1,{'votes/confidence': '2/3'}
1648,0,0,{'votes/confidence': 0.9999951124191284}
1649,0,0,{'votes/confidence': '5/5'}
1650,0,1,{'votes/confidence': '3/4'}
1651,0,1,{'votes/confidence': '3/4'}
1652,0,0,{'votes/confidence': '2/3'}
1653,0,0,{'votes/confidence': '3/5'}
1654,0,1,{'votes/confidence': '3/3'}
1655,0,0,{'votes/confidence': '3/3'}
1656,0,1,{'votes/confidence': '2/3'}
1657,0,1,{'votes/confidence': '2/3'}
1658,0,1,{'votes/confidence': '1/1'}
1659,1,1,{'votes/confidence': '4/6'}
1660,1,1,{'votes/confidence': '3/5'}
1661,1,1,{'votes/confidence': 0.9999997615814209}
1662,1,0,{'votes/confidence': '6/6'}
1663,1,0,{'votes/confidence': '4/6'}
1664,1,0,{'votes/confidence': '4/7'}
1665,1,0,{'votes/confidence': '3/4'}
1666,1,1,{'votes/confidence': '5/6'}
1667,1,1,{'votes/confidence': '4/6'}
1668,1,0,{'votes/confidence': '3/3'}
1669,1,1,{'votes/confidence': 0.998749852180481}
1670,1,0,{'votes/confidence': '4/5'}
1671,1,1,{'votes/confidence': '6/6'}
1672,1,0,{'votes/confidence': '5/7'}
1673,1,1,{'votes/confidence': 0.9999998807907104}
1674,1,1,{'votes/confidence': '4/4'}
1675,1,1,{'votes/confidence': '4/6'}
1676,1,1,{'votes/confidence': '4/4'}
1677,1,0,{'votes/confidence': '3/5'}
1678,1,0,{'votes/confidence': '3/4'}
1679,1,0,{'votes/confidence': '5/6'}
1680,1,1,{'votes/confidence': '2/2'}
1681,1,1,{'votes/confidence': '4/6'}
1682,1,1,{'votes/confidence': '6/6'}
1683,1,0,{'votes/confidence': '5/7'}
1684,1,0,{'votes/confidence': '5/6'}
1685,1,1,{'votes/confidence': '2/3'}
1686,1,0,{'votes/confidence': '7/7'}
1687,1,0,{'votes/confidence': '4/5'}
1688,1,1,{'votes/confidence': '5/5'}
1689,1,0,{'votes/confidence': '3/5'}
1690,1,1,{'votes/confidence': '5/6'}
1691,1,1,{'votes/confidence': '3/3'}
1692,1,1,{'votes/confidence': '3/5'}
1693,1,0,{'votes/confidence': '5/5'}
1694,1,1,{'votes/confidence': '5/5'}
1695,1,0,{'votes/confidence': '2/3'}
1696,1,0,{'votes/confidence': '5/6'}
1697,1,1,{'votes/confidence': '4/5'}
1698,1,1,{'votes/confidence': '5/5'}
1699,1,0,{'votes/confidence': '5/5'}
1700,1,0,{'votes/confidence': '1/1'}
1701,1,1,{'votes/confidence': 0.9999970197677612}
1702,1,1,{'votes/confidence': '4/5'}
1703,1,0,{'votes/confidence': '5/5'}
1704,1,0,{'votes/confidence': '4/6'}
1705,1,0,{'votes/confidence': '3/5'}
1706,1,0,{'votes/confidence': '4/5'}
1707,1,1,{'votes/confidence': '5/5'}
1708,1,1,{'votes/confidence': '3/5'}
1709,1,0,{'votes/confidence': '4/5'}
1710,1,0,{'votes/confidence': '4/5'}
1711,1,0,{'votes/confidence': '5/5'}
1712,1,0,{'votes/confidence': '3/4'}
1713,1,0,{'votes/confidence': '5/6'}
1714,1,0,{'votes/confidence': '4/5'}
1715,1,1,{'votes/confidence': '3/3'}
1716,1,1,{'votes/confidence': '2/2'}
1717,1,0,{'votes/confidence': '2/2'}
1718,1,1,{'votes/confidence': '4/5'}
1719,1,1,{'votes/confidence': '3/5'}
1720,1,1,{'votes/confidence': '5/5'}
1721,1,0,{'votes/confidence': '5/6'}
1722,1,1,{'votes/confidence': '4/5'}
1723,1,0,{'votes/confidence': '3/4'}
1724,1,0,{'votes/confidence': '4/4'}
1725,1,1,{'votes/confidence': '4/6'}
1726,1,1,{'votes/confidence': '5/5'}
1727,1,0,{'votes/confidence': '4/6'}
1728,1,1,{'votes/confidence': '4/5'}
1729,1,0,{'votes/confidence': '6/7'}
1730,1,0,{'votes/confidence': 0.9999998807907104}
1731,1,1,{'votes/confidence': '4/6'}
1732,1,1,{'votes/confidence': '4/6'}
1733,1,1,{'votes/confidence': '5/7'}
1734,1,1,{'votes/confidence': '2/3'}
1735,1,1,{'votes/confidence': '4/4'}
1736,1,0,{'votes/confidence': '3/5'}
1737,1,0,{'votes/confidence': '5/5'}
1738,1,1,{'votes/confidence': '3/4'}
1739,1,0,{'votes/confidence': '6/8'}
1740,1,0,{'votes/confidence': '3/3'}
1741,1,1,{'votes/confidence': '3/5'}
1742,1,0,{'votes/confidence': '3/3'}
1743,1,1,{'votes/confidence': '4/4'}
1744,1,0,{'votes/confidence': '3/5'}
1745,1,1,{'votes/confidence': '4/6'}
1746,1,1,{'votes/confidence': '3/5'}
1747,1,0,{'votes/confidence': '3/4'}
1748,1,0,{'votes/confidence': '5/6'}
1749,1,1,{'votes/confidence': '4/4'}
1750,1,1,{'votes/confidence': '2/3'}
1751,1,1,{'votes/confidence': '4/5'}
1752,1,0,{'votes/confidence': '3/5'}
1753,1,1,{'votes/confidence': '5/5'}
1754,1,0,{'votes/confidence': '3/5'}
1755,1,1,{'votes/confidence': '4/4'}
1756,1,0,{'votes/confidence': '4/5'}
1757,1,0,{'votes/confidence': '4/6'}
1758,1,0,{'votes/confidence': 1.0}
1759,1,1,{'votes/confidence': '3/5'}
1760,1,1,{'votes/confidence': '5/5'}
1761,1,0,{'votes/confidence': '3/4'}
1762,1,1,{'votes/confidence': '4/6'}
1763,1,0,{'votes/confidence': '4/6'}
1764,1,1,{'votes/confidence': '4/6'}
1765,1,0,{'votes/confidence': '4/4'}
1766,1,1,{'votes/confidence': '5/6'}
1767,1,0,{'votes/confidence': '5/7'}
1768,1,0,{'votes/confidence': '5/6'}
1769,1,1,{'votes/confidence': 1.0}
1770,1,0,{'votes/confidence': '3/3'}
1771,1,1,{'votes/confidence': '1/1'}
1772,1,1,{'votes/confidence': '3/5'}
1773,1,1,{'votes/confidence': '4/4'}
1774,1,1,{'votes/confidence': '4/5'}
1775,1,1,{'votes/confidence': '3/4'}
1776,1,0,{'votes/confidence': '3/4'}
1777,1,1,{'votes/confidence': '3/5'}
1778,1,0,{'votes/confidence': '3/5'}
1779,1,0,{'votes/confidence': '4/7'}
1780,1,1,{'votes/confidence': '3/5'}
1781,1,1,{'votes/confidence': '4/4'}
1782,1,1,{'votes/confidence': 1.0}
1783,1,1,{'votes/confidence': '4/4'}
1784,1,1,{'votes/confidence': '3/5'}
1785,1,1,{'votes/confidence': '3/3'}
1786,1,1,{'votes/confidence': '4/6'}
1787,1,1,{'votes/confidence': '5/5'}
1788,1,1,{'votes/confidence': '5/5'}
1789,1,1,{'votes/confidence': '4/6'}
1790,1,1,{'votes/confidence': '4/4'}
1791,1,1,{'votes/confidence': '1/1'}
1792,1,0,{'votes/confidence': 0.9999982118606567}
1793,1,0,{'votes/confidence': '4/5'}
1794,1,0,{'votes/confidence': '3/5'}
1795,1,0,{'votes/confidence': '4/5'}
1796,1,1,{'votes/confidence': '4/4'}
1797,1,1,{'votes/confidence': '3/4'}
1798,1,0,{'votes/confidence': '2/3'}
1799,1,0,{'votes/confidence': '3/5'}
1800,1,1,{'votes/confidence': '4/7'}
1801,1,0,{'votes/confidence': '4/5'}
1802,1,0,{'votes/confidence': '3/5'}
1803,1,1,{'votes/confidence': '6/6'}
1804,1,1,{'votes/confidence': '5/5'}
1805,1,1,{'votes/confidence': '5/5'}
1806,1,1,{'votes/confidence': '3/5'}
1807,1,1,{'votes/confidence': '4/4'}
1808,1,1,{'votes/confidence': '5/5'}
1809,1,1,{'votes/confidence': '4/4'}
1810,1,1,{'votes/confidence': '4/5'}
1811,1,0,{'votes/confidence': '5/6'}
1812,1,1,{'votes/confidence': '3/5'}
1813,1,1,{'votes/confidence': '2/3'}
1814,1,0,{'votes/confidence': '5/6'}
1815,1,0,{'votes/confidence': '4/6'}
1816,1,0,{'votes/confidence': '5/7'}
1817,1,1,{'votes/confidence': '4/4'}
1818,1,1,{'votes/confidence': '3/4'}
1819,1,1,{'votes/confidence': '3/5'}
1820,1,1,{'votes/confidence': '3/5'}
1821,1,1,{'votes/confidence': '3/4'}
1822,1,1,{'votes/confidence': '6/6'}
1823,1,1,{'votes/confidence': '3/5'}
1824,1,0,{'votes/confidence': '3/3'}
1825,1,1,{'votes/confidence': '4/7'}
1826,1,1,{'votes/confidence': 1.0}
1827,1,1,{'votes/confidence': '3/5'}
1828,1,1,{'votes/confidence': '5/5'}
1829,1,0,{'votes/confidence': '3/5'}
1830,1,1,{'votes/confidence': '5/5'}
1831,1,1,{'votes/confidence': '4/4'}
1832,1,0,{'votes/confidence': 0.9994353652000427}
1833,1,1,{'votes/confidence': '4/6'}
1834,1,0,{'votes/confidence': '3/4'}
1835,1,0,{'votes/confidence': '5/6'}
1836,1,0,{'votes/confidence': '3/4'}
1837,1,1,{'votes/confidence': '3/5'}
1838,1,0,{'votes/confidence': '4/4'}
1839,1,1,{'votes/confidence': '3/5'}
1840,1,0,{'votes/confidence': '4/5'}
1841,1,0,{'votes/confidence': 0.9999977350234985}
1842,1,0,{'votes/confidence': '3/3'}
1843,1,0,{'votes/confidence': '5/7'}
1844,1,0,{'votes/confidence': 0.9999973773956299}
1845,1,1,{'votes/confidence': '5/5'}
1846,1,0,{'votes/confidence': 0.9684330821037292}
1847,1,0,{'votes/confidence': '5/6'}
1848,1,0,{'votes/confidence': '3/4'}
1849,1,1,{'votes/confidence': '5/5'}
1850,1,0,{'votes/confidence': '5/7'}
1851,1,1,{'votes/confidence': '1/1'}
1852,1,1,{'votes/confidence': '4/5'}
1853,1,1,{'votes/confidence': '3/5'}
1854,1,1,{'votes/confidence': '4/5'}
1855,1,0,{'votes/confidence': '6/7'}
1856,1,1,{'votes/confidence': '2/2'}
1857,1,0,{'votes/confidence': '5/6'}
1858,1,0,{'votes/confidence': '3/5'}
1859,1,1,{'votes/confidence': '6/6'}
1860,1,1,{'votes/confidence': '4/4'}
1861,1,1,{'votes/confidence': '4/4'}
1862,1,1,{'votes/confidence': '5/5'}
1863,1,0,{'votes/confidence': '4/5'}
1864,1,0,{'votes/confidence': '3/5'}
1865,1,1,{'votes/confidence': '5/5'}
1866,1,1,{'votes/confidence': '4/4'}
1867,1,1,{'votes/confidence': '3/5'}
1868,1,0,{'votes/confidence': '4/5'}
1869,1,1,{'votes/confidence': '6/6'}
1870,1,1,{'votes/confidence': '4/5'}
1871,1,1,{'votes/confidence': '4/4'}
1872,1,1,{'votes/confidence': '5/5'}
1873,1,1,{'votes/confidence': '4/4'}
1874,1,1,{'votes/confidence': '6/6'}
1875,1,0,{'votes/confidence': 0.9999786615371704}
1876,1,1,{'votes/confidence': '2/2'}
1877,1,1,{'votes/confidence': 1.0}
1878,1,0,{'votes/confidence': '5/5'}
1879,1,0,{'votes/confidence': '3/4'}
1880,1,1,{'votes/confidence': '4/4'}
1881,1,1,{'votes/confidence': '6/6'}
1882,1,1,{'votes/confidence': '5/5'}
1883,1,0,{'votes/confidence': '4/5'}
1884,1,1,{'votes/confidence': '4/4'}
1885,1,1,{'votes/confidence': '5/5'}
1886,1,0,{'votes/confidence': '4/5'}
1887,1,1,{'votes/confidence': '5/5'}
1888,1,1,{'votes/confidence': '5/5'}
1889,1,0,{'votes/confidence': '4/5'}
1890,1,1,{'votes/confidence': '5/6'}
1891,1,1,{'votes/confidence': '2/2'}
1892,1,0,{'votes/confidence': '5/6'}
1893,1,1,{'votes/confidence': '3/3'}
1894,1,1,{'votes/confidence': '4/6'}
1895,1,1,{'votes/confidence': '4/7'}
1896,1,1,{'votes/confidence': '4/7'}
1897,1,0,{'votes/confidence': '1/1'}
1898,1,0,{'votes/confidence': '4/6'}
1899,1,1,{'votes/confidence': '4/7'}
1900,1,1,{'votes/confidence': 0.999992847442627}
1901,1,1,{'votes/confidence': '3/5'}
1902,1,1,{'votes/confidence': 0.9999628067016602}
1903,1,1,{'votes/confidence': '3/5'}
1904,1,1,{'votes/confidence': '4/4'}
1905,1,1,{'votes/confidence': '4/7'}
1906,1,1,{'votes/confidence': '3/4'}
1907,1,0,{'votes/confidence': '5/5'}
1908,1,0,{'votes/confidence': '3/4'}
1909,1,0,{'votes/confidence': 1.0}
1910,1,0,{'votes/confidence': '5/5'}
1911,1,0,{'votes/confidence': 0.9999842643737793}
1912,1,0,{'votes/confidence': '3/3'}
1913,1,0,{'votes/confidence': '4/4'}
1914,1,1,{'votes/confidence': '3/5'}
1915,1,1,{'votes/confidence': '4/4'}
1916,1,0,{'votes/confidence': '3/5'}
1917,1,0,{'votes/confidence': '3/5'}
1918,1,1,{'votes/confidence': '3/3'}
1919,1,0,{'votes/confidence': '5/6'}
1920,1,0,{'votes/confidence': '5/6'}
1921,1,1,{'votes/confidence': '4/6'}
1922,1,1,{'votes/confidence': '4/6'}
1923,1,0,{'votes/confidence': '3/5'}
1924,1,0,{'votes/confidence': '4/4'}
1925,1,1,{'votes/confidence': '3/5'}
1926,1,1,{'votes/confidence': '5/5'}
1927,1,0,{'votes/confidence': '5/5'}
1928,1,1,{'votes/confidence': '5/5'}
1929,1,1,{'votes/confidence': '6/8'}
1930,1,1,{'votes/confidence': '6/6'}
1931,1,1,{'votes/confidence': '4/5'}
1932,1,1,{'votes/confidence': '7/8'}
1933,1,1,{'votes/confidence': '4/7'}
1934,1,1,{'votes/confidence': '3/3'}
1935,1,1,{'votes/confidence': '5/5'}
1936,1,0,{'votes/confidence': '4/5'}
1937,1,0,{'votes/confidence': '5/6'}
1938,1,1,{'votes/confidence': '6/6'}
1939,1,0,{'votes/confidence': '4/5'}
1940,1,1,{'votes/confidence': '6/6'}
1941,1,0,{'votes/confidence': '4/5'}
1942,1,1,{'votes/confidence': '4/6'}
1943,1,1,{'votes/confidence': '5/5'}
1944,1,1,{'votes/confidence': '1/1'}
1945,1,1,{'votes/confidence': '4/6'}
1946,1,0,{'votes/confidence': '3/5'}
1947,1,0,{'votes/confidence': '3/4'}
1948,1,1,{'votes/confidence': '3/3'}
1949,1,1,{'votes/confidence': 0.9994571805000305}
1950,1,1,{'votes/confidence': '6/6'}
1951,1,0,{'votes/confidence': '4/6'}
1952,1,1,{'votes/confidence': '3/3'}
1953,1,0,{'votes/confidence': '4/5'}
1954,1,0,{'votes/confidence': '4/4'}
1955,1,0,{'votes/confidence': '5/7'}
1956,1,0,{'votes/confidence': '3/5'}
1957,1,0,{'votes/confidence': '4/5'}
1958,1,1,{'votes/confidence': '4/4'}
1959,1,0,{'votes/confidence': 0.9926007390022278}
1960,1,1,{'votes/confidence': '3/5'}
1961,1,1,{'votes/confidence': 0.9991121888160706}
1962,1,1,{'votes/confidence': '4/4'}
1963,1,1,{'votes/confidence': '4/5'}
1964,1,0,{'votes/confidence': '4/4'}
1965,1,1,{'votes/confidence': '4/4'}
1966,1,1,{'votes/confidence': '4/5'}
1967,1,0,{'votes/confidence': '3/5'}
1968,1,0,{'votes/confidence': '3/5'}
1969,1,0,{'votes/confidence': '3/4'}
1970,1,1,{'votes/confidence': '8/8'}
1971,1,1,{'votes/confidence': 0.9999507665634155}
1972,1,1,{'votes/confidence': '3/5'}
1973,1,0,{'votes/confidence': '6/7'}
1974,1,1,{'votes/confidence': '4/7'}
1975,1,0,{'votes/confidence': '4/6'}
1976,1,1,{'votes/confidence': '3/3'}
1977,1,1,{'votes/confidence': '4/6'}
1978,1,0,{'votes/confidence': '5/8'}
1979,1,0,{'votes/confidence': '5/6'}
1980,1,0,{'votes/confidence': '6/7'}
1981,1,0,{'votes/confidence': '5/5'}
1982,1,0,{'votes/confidence': '3/5'}
1983,1,1,{'votes/confidence': '3/3'}
1984,1,1,{'votes/confidence': '3/3'}
1985,1,0,{'votes/confidence': '3/4'}
1986,1,1,{'votes/confidence': '3/3'}
1987,1,1,{'votes/confidence': '1/1'}
1988,1,1,{'votes/confidence': 0.9996722936630249}
1989,1,0,{'votes/confidence': '3/3'}
1990,1,1,{'votes/confidence': '3/3'}
1991,1,1,{'votes/confidence': '4/4'}
1992,1,1,{'votes/confidence': '5/5'}
1993,1,1,{'votes/confidence': '4/4'}
1994,1,0,{'votes/confidence': '4/5'}
1995,1,1,{'votes/confidence': '4/4'}
1996,1,1,{'votes/confidence': '4/6'}
1997,1,1,{'votes/confidence': '4/5'}
1998,1,1,{'votes/confidence': '1/1'}
1999,1,1,{'votes/confidence': '3/5'}
2000,1,1,{'votes/confidence': '5/7'}
2001,1,0,{'votes/confidence': '4/5'}
2002,1,1,{'votes/confidence': '4/4'}
2003,1,1,{'votes/confidence': '4/7'}
2004,1,0,{'votes/confidence': '4/5'}
2005,1,0,{'votes/confidence': 1.0}
2006,1,1,{'votes/confidence': '2/2'}
2007,1,0,{'votes/confidence': '2/3'}
2008,1,0,{'votes/confidence': '4/5'}
2009,1,0,{'votes/confidence': '3/3'}
2010,1,1,{'votes/confidence': '3/5'}
2011,1,1,{'votes/confidence': '1/1'}
2012,1,1,{'votes/confidence': '3/4'}
2013,1,1,{'votes/confidence': '4/5'}
2014,1,1,{'votes/confidence': 1.0}
2015,1,0,{'votes/confidence': '5/5'}
2016,1,1,{'votes/confidence': '4/4'}
2017,1,1,{'votes/confidence': '4/4'}
2018,1,0,{'votes/confidence': 0.9997203946113586}
2019,1,1,{'votes/confidence': '2/3'}
2020,1,0,{'votes/confidence': '5/6'}
2021,1,0,{'votes/confidence': '4/6'}
2022,1,0,{'votes/confidence': '3/3'}
2023,1,1,{'votes/confidence': '4/5'}
2024,1,0,{'votes/confidence': 1.0}
2025,1,1,{'votes/confidence': 1.0}
2026,1,0,{'votes/confidence': '4/5'}
2027,1,1,{'votes/confidence': '5/5'}
2028,1,1,{'votes/confidence': '4/6'}
2029,1,0,{'votes/confidence': '4/6'}
2030,1,1,{'votes/confidence': 0.9748348593711853}
2031,1,1,{'votes/confidence': '3/3'}
2032,1,1,{'votes/confidence': '5/5'}
2033,1,1,{'votes/confidence': 0.9999982118606567}
2034,1,1,{'votes/confidence': '3/4'}
2035,1,1,{'votes/confidence': '2/2'}
2036,1,1,{'votes/confidence': '5/5'}
2037,1,0,{'votes/confidence': '5/6'}
2038,1,0,{'votes/confidence': '4/5'}
2039,1,1,{'votes/confidence': '6/6'}
2040,1,0,{'votes/confidence': '5/6'}
2041,1,1,{'votes/confidence': '2/2'}
2042,1,0,{'votes/confidence': '3/4'}
2043,1,0,{'votes/confidence': '3/5'}
2044,1,1,{'votes/confidence': 1.0}
2045,1,1,{'votes/confidence': '5/5'}
2046,1,1,{'votes/confidence': '4/4'}
2047,1,0,{'votes/confidence': '5/5'}
2048,1,1,{'votes/confidence': '3/5'}
2049,1,0,{'votes/confidence': '3/5'}
2050,1,0,{'votes/confidence': '1/1'}
2051,1,0,{'votes/confidence': '3/5'}
2052,1,0,{'votes/confidence': '3/5'}
2053,1,0,{'votes/confidence': '2/3'}
2054,1,0,{'votes/confidence': '3/4'}
2055,1,1,{'votes/confidence': '5/5'}
2056,1,1,{'votes/confidence': '4/6'}
2057,1,0,{'votes/confidence': '5/5'}
2058,1,1,{'votes/confidence': '4/4'}
2059,1,1,{'votes/confidence': '4/6'}
2060,1,1,{'votes/confidence': '6/6'}
2061,1,1,{'votes/confidence': '4/4'}
2062,1,1,{'votes/confidence': '4/5'}
2063,1,0,{'votes/confidence': '4/5'}
2064,1,1,{'votes/confidence': 0.9899426698684692}
2065,1,1,{'votes/confidence': '4/4'}
2066,1,1,{'votes/confidence': 0.999998927116394}
2067,1,0,{'votes/confidence': 0.9613829851150513}
2068,1,0,{'votes/confidence': '3/3'}
2069,1,0,{'votes/confidence': '3/5'}
2070,1,1,{'votes/confidence': '3/3'}
2071,1,1,{'votes/confidence': '5/5'}
2072,1,0,{'votes/confidence': '3/4'}
2073,1,0,{'votes/confidence': '4/7'}
2074,1,1,{'votes/confidence': '3/4'}
2075,1,0,{'votes/confidence': '3/4'}
2076,1,0,{'votes/confidence': 0.9999815225601196}
2077,1,1,{'votes/confidence': '3/5'}
2078,1,0,{'votes/confidence': '4/7'}
2079,1,1,{'votes/confidence': '4/6'}
2080,1,1,{'votes/confidence': '3/3'}
2081,1,0,{'votes/confidence': '4/7'}
2082,1,0,{'votes/confidence': '4/6'}
2083,1,1,{'votes/confidence': '4/4'}
2084,1,1,{'votes/confidence': '6/6'}
2085,1,1,{'votes/confidence': '3/5'}
2086,1,0,{'votes/confidence': 0.9982129335403442}
2087,1,1,{'votes/confidence': '5/5'}
2088,1,1,{'votes/confidence': '2/3'}
2089,1,0,{'votes/confidence': 0.99302738904953}
2090,1,1,{'votes/confidence': '4/6'}
2091,1,1,{'votes/confidence': '4/4'}
2092,1,0,{'votes/confidence': '6/7'}
2093,1,1,{'votes/confidence': '3/5'}
2094,1,1,{'votes/confidence': 0.99872225522995}
2095,1,0,{'votes/confidence': '4/7'}
2096,1,1,{'votes/confidence': '5/6'}
2097,1,0,{'votes/confidence': '4/5'}
2098,1,1,{'votes/confidence': '4/5'}
2099,1,1,{'votes/confidence': '4/5'}
2100,1,1,{'votes/confidence': '6/6'}
2101,1,0,{'votes/confidence': '2/2'}
2102,1,0,{'votes/confidence': '5/5'}
2103,1,0,{'votes/confidence': '7/8'}
2104,1,1,{'votes/confidence': '3/4'}
2105,1,1,{'votes/confidence': 0.9998922348022461}
2106,1,1,{'votes/confidence': 0.9999598264694214}
2107,1,1,{'votes/confidence': '3/5'}
2108,1,1,{'votes/confidence': '5/5'}
2109,1,1,{'votes/confidence': '5/5'}
2110,1,0,{'votes/confidence': '5/5'}
2111,1,0,{'votes/confidence': '3/4'}
2112,1,1,{'votes/confidence': '6/6'}
2113,1,1,{'votes/confidence': '4/5'}
2114,1,1,{'votes/confidence': '6/6'}
2115,1,1,{'votes/confidence': '5/5'}
2116,1,1,{'votes/confidence': '4/4'}
2117,1,1,{'votes/confidence': '4/4'}
2118,1,0,{'votes/confidence': '2/3'}
2119,1,0,{'votes/confidence': 0.9999997615814209}
2120,1,1,{'votes/confidence': 1.0}
2121,1,1,{'votes/confidence': '4/6'}
2122,1,1,{'votes/confidence': '5/5'}
2123,1,1,{'votes/confidence': '4/6'}
2124,1,1,{'votes/confidence': '6/6'}
2125,1,0,{'votes/confidence': '4/5'}
2126,1,1,{'votes/confidence': '6/6'}
2127,1,1,{'votes/confidence': '5/5'}
2128,1,1,{'votes/confidence': '3/4'}
2129,1,1,{'votes/confidence': '4/4'}
2130,1,1,{'votes/confidence': '6/6'}
2131,1,1,{'votes/confidence': '7/7'}
2132,1,0,{'votes/confidence': '3/5'}
2133,1,0,{'votes/confidence': '3/5'}
2134,1,0,{'votes/confidence': '4/5'}
2135,1,0,{'votes/confidence': '5/6'}
2136,1,1,{'votes/confidence': '5/5'}
2137,1,1,{'votes/confidence': '5/5'}
2138,1,0,{'votes/confidence': '3/4'}
2139,1,0,{'votes/confidence': '3/4'}
2140,1,1,{'votes/confidence': '5/5'}
2141,1,1,{'votes/confidence': '4/4'}
2142,1,1,{'votes/confidence': '5/5'}
2143,1,0,{'votes/confidence': '6/7'}
2144,1,1,{'votes/confidence': '5/5'}
2145,1,1,{'votes/confidence': '6/6'}
2146,1,1,{'votes/confidence': '2/2'}
2147,1,0,{'votes/confidence': '4/6'}
2148,1,1,{'votes/confidence': '3/4'}
2149,1,0,{'votes/confidence': '5/5'}
2150,1,0,{'votes/confidence': '4/7'}
2151,1,1,{'votes/confidence': '4/6'}
2152,1,1,{'votes/confidence': 0.9997398257255554}
2153,1,0,{'votes/confidence': '3/3'}
2154,1,0,{'votes/confidence': '5/6'}
2155,1,1,{'votes/confidence': '5/5'}
2156,1,1,{'votes/confidence': '5/5'}
2157,1,1,{'votes/confidence': '3/5'}
2158,1,0,{'votes/confidence': '4/6'}
2159,1,1,{'votes/confidence': '4/4'}
2160,1,1,{'votes/confidence': '4/4'}
2161,1,1,{'votes/confidence': '5/5'}
2162,1,0,{'votes/confidence': '7/7'}
2163,1,0,{'votes/confidence': '4/7'}
2164,1,1,{'votes/confidence': 0.999705970287323}
2165,1,0,{'votes/confidence': 0.9962402582168579}
2166,1,1,{'votes/confidence': '3/4'}
2167,1,0,{'votes/confidence': '5/5'}
2168,1,0,{'votes/confidence': '3/4'}
2169,1,0,{'votes/confidence': '3/4'}
2170,1,0,{'votes/confidence': '3/5'}
2171,1,1,{'votes/confidence': '3/4'}
2172,1,0,{'votes/confidence': 0.9998470544815063}
2173,1,0,{'votes/confidence': '4/5'}
2174,1,0,{'votes/confidence': '4/5'}
2175,1,1,{'votes/confidence': '4/7'}
2176,1,1,{'votes/confidence': '5/5'}
2177,1,1,{'votes/confidence': '4/4'}
2178,1,1,{'votes/confidence': '7/7'}
2179,1,1,{'votes/confidence': '3/5'}
2180,1,0,{'votes/confidence': '2/3'}
2181,1,0,{'votes/confidence': '3/5'}
2182,1,0,{'votes/confidence': '4/6'}
2183,1,1,{'votes/confidence': '2/2'}
2184,1,1,{'votes/confidence': '4/4'}
2185,1,1,{'votes/confidence': '5/5'}
2186,1,0,{'votes/confidence': '4/6'}
2187,1,0,{'votes/confidence': '5/6'}
2188,1,1,{'votes/confidence': '6/6'}
2189,1,1,{'votes/confidence': '3/5'}
2190,1,1,{'votes/confidence': '3/5'}
2191,1,0,{'votes/confidence': '3/5'}
2192,1,0,{'votes/confidence': '3/5'}
2193,1,0,{'votes/confidence': '4/5'}
2194,1,1,{'votes/confidence': '5/5'}
2195,1,1,{'votes/confidence': '4/6'}
2196,1,0,{'votes/confidence': '4/7'}
2197,1,0,{'votes/confidence': '2/3'}
2198,1,0,{'votes/confidence': '3/5'}
2199,1,0,{'votes/confidence': '5/7'}
2200,1,0,{'votes/confidence': '3/5'}
2201,1,0,{'votes/confidence': '5/7'}
2202,1,0,{'votes/confidence': '3/5'}
2203,1,1,{'votes/confidence': '5/5'}
2204,1,1,{'votes/confidence': '4/4'}
2205,1,1,{'votes/confidence': '3/3'}
2206,1,0,{'votes/confidence': '4/5'}
2207,1,1,{'votes/confidence': '4/4'}
2208,1,1,{'votes/confidence': '3/4'}
2209,1,1,{'votes/confidence': '3/3'}
2210,1,1,{'votes/confidence': '4/6'}
2211,1,0,{'votes/confidence': '3/5'}
2212,1,1,{'votes/confidence': '3/5'}
2213,1,1,{'votes/confidence': 0.6309248208999634}
2214,1,1,{'votes/confidence': '5/5'}
2215,1,1,{'votes/confidence': '5/5'}
2216,1,1,{'votes/confidence': '7/7'}
2217,1,1,{'votes/confidence': 1.0}
2218,1,1,{'votes/confidence': '3/3'}
2219,1,0,{'votes/confidence': '4/6'}
2220,1,1,{'votes/confidence': '4/4'}
2221,1,0,{'votes/confidence': '3/5'}
2222,1,1,{'votes/confidence': '6/7'}
2223,1,0,{'votes/confidence': '3/3'}
2224,1,1,{'votes/confidence': '4/7'}
2225,1,1,{'votes/confidence': '4/6'}
2226,1,0,{'votes/confidence': '5/6'}
2227,1,0,{'votes/confidence': '4/7'}
2228,1,1,{'votes/confidence': '4/4'}
2229,1,0,{'votes/confidence': '3/3'}
2230,1,0,{'votes/confidence': '5/6'}
2231,1,1,{'votes/confidence': '5/5'}
2232,1,1,{'votes/confidence': '4/5'}
2233,1,1,{'votes/confidence': '5/5'}
2234,1,0,{'votes/confidence': '5/5'}
2235,1,0,{'votes/confidence': '5/8'}
2236,1,1,{'votes/confidence': '5/5'}
2237,1,0,{'votes/confidence': 0.9999997615814209}
2238,1,0,{'votes/confidence': '3/4'}
2239,1,1,{'votes/confidence': '6/6'}
2240,1,1,{'votes/confidence': '4/5'}
2241,1,1,{'votes/confidence': '5/7'}
2242,1,1,{'votes/confidence': 1.0}
2243,1,0,{'votes/confidence': '6/6'}
2244,1,1,{'votes/confidence': '5/6'}
2245,1,0,{'votes/confidence': '5/6'}
2246,1,0,{'votes/confidence': '5/6'}
2247,1,1,{'votes/confidence': '1/1'}
2248,1,0,{'votes/confidence': '3/5'}
2249,1,1,{'votes/confidence': 0.9993688464164734}
2250,1,0,{'votes/confidence': '6/8'}
2251,1,1,{'votes/confidence': 1.0}
2252,1,1,{'votes/confidence': '4/5'}
2253,1,0,{'votes/confidence': 1.0}
2254,1,1,{'votes/confidence': '6/6'}
2255,1,1,{'votes/confidence': '5/5'}
2256,1,0,{'votes/confidence': '4/7'}
2257,1,1,{'votes/confidence': '5/5'}
2258,1,0,{'votes/confidence': '4/6'}
2259,1,0,{'votes/confidence': '3/4'}
2260,1,1,{'votes/confidence': '5/6'}
2261,1,1,{'votes/confidence': 0.9998735189437866}
2262,1,1,{'votes/confidence': '5/5'}
2263,1,1,{'votes/confidence': '4/4'}
2264,1,0,{'votes/confidence': '3/5'}
2265,1,1,{'votes/confidence': '4/6'}
2266,1,1,{'votes/confidence': '4/4'}
2267,1,0,{'votes/confidence': '4/6'}
2268,1,1,{'votes/confidence': '4/7'}
2269,1,1,{'votes/confidence': 0.9999911785125732}
2270,1,1,{'votes/confidence': '4/6'}
2271,1,0,{'votes/confidence': '3/5'}
2272,1,1,{'votes/confidence': 0.9999767541885376}
2273,1,0,{'votes/confidence': '3/5'}
2274,1,1,{'votes/confidence': '4/4'}
2275,1,1,{'votes/confidence': '4/4'}
2276,1,0,{'votes/confidence': '4/4'}
2277,1,1,{'votes/confidence': 0.9995641112327576}
2278,1,1,{'votes/confidence': '4/5'}
2279,1,1,{'votes/confidence': '4/4'}
2280,1,1,{'votes/confidence': '3/3'}
2281,1,1,{'votes/confidence': '6/6'}
2282,1,0,{'votes/confidence': '3/3'}
2283,1,1,{'votes/confidence': 0.9999160766601562}
2284,1,0,{'votes/confidence': '3/5'}
2285,1,1,{'votes/confidence': '4/4'}
2286,1,1,{'votes/confidence': '4/6'}
2287,1,0,{'votes/confidence': 0.999991774559021}
2288,1,1,{'votes/confidence': '4/6'}
2289,1,0,{'votes/confidence': 0.9993778467178345}
2290,1,1,{'votes/confidence': '5/5'}
2291,1,0,{'votes/confidence': '5/5'}
2292,1,0,{'votes/confidence': '4/6'}
2293,1,0,{'votes/confidence': 0.9997984766960144}
2294,1,0,{'votes/confidence': '4/6'}
2295,1,1,{'votes/confidence': '2/3'}
2296,1,0,{'votes/confidence': '5/7'}
2297,1,1,{'votes/confidence': '5/7'}
2298,1,0,{'votes/confidence': '4/5'}
2299,1,0,{'votes/confidence': '5/6'}
2300,1,1,{'votes/confidence': '3/3'}
2301,1,0,{'votes/confidence': '5/6'}
2302,1,1,{'votes/confidence': '1/1'}
2303,1,1,{'votes/confidence': 0.999997615814209}
2304,1,1,{'votes/confidence': '4/4'}
2305,1,0,{'votes/confidence': '4/6'}
2306,1,0,{'votes/confidence': '4/6'}
2307,1,1,{'votes/confidence': '6/6'}
2308,1,0,{'votes/confidence': '7/8'}
2309,1,1,{'votes/confidence': '7/7'}
2310,1,1,{'votes/confidence': '2/2'}
2311,1,0,{'votes/confidence': '5/5'}
2312,1,1,{'votes/confidence': '4/4'}
2313,1,0,{'votes/confidence': '4/6'}
2314,1,0,{'votes/confidence': '1/1'}
2315,1,0,{'votes/confidence': '3/4'}
2316,1,1,{'votes/confidence': '4/7'}
2317,1,1,{'votes/confidence': 0.9583615660667419}
2318,1,1,{'votes/confidence': '4/4'}
2319,1,1,{'votes/confidence': '5/5'}
2320,1,0,{'votes/confidence': '5/6'}
2321,1,1,{'votes/confidence': '5/5'}
2322,1,0,{'votes/confidence': '4/5'}
2323,1,0,{'votes/confidence': '3/5'}
2324,1,0,{'votes/confidence': '5/6'}
2325,1,0,{'votes/confidence': '4/7'}
2326,1,1,{'votes/confidence': '3/4'}
2327,1,1,{'votes/confidence': '3/5'}
2328,1,1,{'votes/confidence': '4/7'}
2329,1,1,{'votes/confidence': '3/3'}
2330,1,0,{'votes/confidence': '4/6'}
2331,1,0,{'votes/confidence': '5/6'}
2332,1,1,{'votes/confidence': 0.9999980926513672}
2333,1,0,{'votes/confidence': '6/7'}
2334,1,1,{'votes/confidence': '3/5'}
2335,1,1,{'votes/confidence': '3/5'}
2336,1,1,{'votes/confidence': '4/5'}
2337,1,0,{'votes/confidence': '2/2'}
2338,1,1,{'votes/confidence': '5/7'}
2339,1,1,{'votes/confidence': 0.9999980926513672}
2340,1,0,{'votes/confidence': '5/5'}
2341,1,0,{'votes/confidence': '3/5'}
2342,1,0,{'votes/confidence': '4/5'}
2343,1,1,{'votes/confidence': '1/1'}
2344,1,1,{'votes/confidence': 0.9999754428863525}
2345,1,1,{'votes/confidence': 0.9999691247940063}
2346,1,0,{'votes/confidence': '4/5'}
2347,1,1,{'votes/confidence': '4/6'}
2348,1,0,{'votes/confidence': '3/5'}
2349,1,1,{'votes/confidence': '5/6'}
2350,1,0,{'votes/confidence': '3/3'}
2351,1,1,{'votes/confidence': '5/6'}
2352,1,1,{'votes/confidence': '4/6'}
2353,1,1,{'votes/confidence': '3/5'}
2354,1,1,{'votes/confidence': 0.9999998807907104}
2355,1,1,{'votes/confidence': '5/7'}
2356,1,1,{'votes/confidence': '5/5'}
2357,1,0,{'votes/confidence': '5/6'}
2358,1,0,{'votes/confidence': '5/6'}
2359,1,1,{'votes/confidence': '2/2'}
2360,1,1,{'votes/confidence': '4/5'}
2361,1,0,{'votes/confidence': '6/6'}
2362,1,0,{'votes/confidence': '5/5'}
2363,1,1,{'votes/confidence': '5/6'}
2364,1,0,{'votes/confidence': '3/5'}
2365,1,1,{'votes/confidence': '4/7'}
2366,1,0,{'votes/confidence': 0.9987155199050903}
2367,1,0,{'votes/confidence': '5/6'}
2368,1,1,{'votes/confidence': 0.999117910861969}
2369,1,1,{'votes/confidence': '4/4'}
2370,1,1,{'votes/confidence': '3/4'}
2371,1,1,{'votes/confidence': '4/4'}
2372,1,0,{'votes/confidence': '4/6'}
2373,1,0,{'votes/confidence': 0.9992960691452026}
2374,1,0,{'votes/confidence': 0.979840874671936}
2375,1,1,{'votes/confidence': '1/1'}
2376,1,0,{'votes/confidence': '4/7'}
2377,1,0,{'votes/confidence': '5/6'}
2378,1,0,{'votes/confidence': '4/6'}
2379,1,0,{'votes/confidence': '4/5'}
2380,1,0,{'votes/confidence': '1/1'}
2381,1,0,{'votes/confidence': '4/6'}
2382,1,1,{'votes/confidence': '4/4'}
2383,1,1,{'votes/confidence': 0.999998927116394}
2384,1,1,{'votes/confidence': '2/3'}
2385,1,1,{'votes/confidence': '3/3'}
2386,1,0,{'votes/confidence': '4/5'}
2387,1,1,{'votes/confidence': 0.9999881982803345}
2388,1,0,{'votes/confidence': '5/6'}
2389,1,1,{'votes/confidence': '4/6'}
2390,1,0,{'votes/confidence': '3/5'}
2391,1,1,{'votes/confidence': '5/8'}
2392,1,0,{'votes/confidence': '4/4'}
2393,1,1,{'votes/confidence': '1/1'}
2394,1,0,{'votes/confidence': '4/6'}
2395,1,1,{'votes/confidence': '5/5'}
2396,1,0,{'votes/confidence': '4/5'}
2397,1,1,{'votes/confidence': 1.0}
2398,1,1,{'votes/confidence': '4/4'}
2399,1,1,{'votes/confidence': '5/5'}
2400,1,1,{'votes/confidence': 1.0}
2401,1,1,{'votes/confidence': '4/4'}
2402,1,0,{'votes/confidence': '3/5'}
2403,1,1,{'votes/confidence': 0.9998763799667358}
2404,1,1,{'votes/confidence': 1.0}
2405,1,1,{'votes/confidence': '5/6'}
2406,1,1,{'votes/confidence': '3/5'}
2407,1,0,{'votes/confidence': '4/5'}
2408,1,1,{'votes/confidence': '2/2'}
2409,1,0,{'votes/confidence': '3/5'}
2410,1,0,{'votes/confidence': '4/5'}
2411,1,0,{'votes/confidence': '4/5'}
2412,1,0,{'votes/confidence': 0.9999532699584961}
2413,1,1,{'votes/confidence': '2/3'}
2414,1,0,{'votes/confidence': '4/5'}
2415,1,0,{'votes/confidence': '4/6'}
2416,1,1,{'votes/confidence': '5/8'}
2417,1,1,{'votes/confidence': '3/5'}
2418,1,1,{'votes/confidence': 0.9999996423721313}
2419,1,1,{'votes/confidence': '4/5'}
2420,1,0,{'votes/confidence': '4/6'}
2421,1,0,{'votes/confidence': '3/4'}
2422,1,0,{'votes/confidence': '2/3'}
2423,1,1,{'votes/confidence': '5/5'}
2424,1,0,{'votes/confidence': '3/3'}
2425,1,0,{'votes/confidence': '2/2'}
2426,1,0,{'votes/confidence': '2/3'}
2427,1,0,{'votes/confidence': '3/4'}
2428,1,1,{'votes/confidence': '4/6'}
2429,1,1,{'votes/confidence': '1/1'}
2430,1,0,{'votes/confidence': '5/7'}
2431,1,0,{'votes/confidence': '4/5'}
2432,1,1,{'votes/confidence': '4/5'}
2433,1,0,{'votes/confidence': '3/5'}
2434,1,1,{'votes/confidence': 0.9999986886978149}
2435,1,1,{'votes/confidence': '3/5'}
2436,1,1,{'votes/confidence': '5/5'}
2437,1,0,{'votes/confidence': '4/5'}
2438,1,0,{'votes/confidence': '5/7'}
2439,1,1,{'votes/confidence': '4/5'}
2440,1,0,{'votes/confidence': '4/6'}
2441,1,1,{'votes/confidence': 0.9999988079071045}
2442,1,0,{'votes/confidence': '5/5'}
2443,1,1,{'votes/confidence': '4/5'}
2444,1,1,{'votes/confidence': 1.0}
2445,1,1,{'votes/confidence': '3/3'}
2446,1,0,{'votes/confidence': '2/2'}
2447,1,0,{'votes/confidence': '3/5'}
2448,1,1,{'votes/confidence': '4/6'}
2449,1,1,{'votes/confidence': '6/6'}
2450,1,1,{'votes/confidence': '6/6'}
2451,1,0,{'votes/confidence': 0.9999874830245972}
2452,1,1,{'votes/confidence': '4/7'}
2453,1,0,{'votes/confidence': 0.9999990463256836}
2454,1,0,{'votes/confidence': '4/6'}
2455,1,1,{'votes/confidence': '4/6'}
2456,1,1,{'votes/confidence': '5/5'}
2457,1,1,{'votes/confidence': '6/6'}
2458,1,0,{'votes/confidence': '3/5'}
2459,1,0,{'votes/confidence': '3/5'}
2460,1,0,{'votes/confidence': '5/8'}
2461,1,1,{'votes/confidence': '3/5'}
2462,1,0,{'votes/confidence': '4/5'}
2463,1,1,{'votes/confidence': '5/7'}
